<?xml version="1.0" encoding="utf-8"?>
<ModelInformation Version="1.0">
  <Model>
    <P Name="SavedCharacterEncoding">windows-1252</P>
    <P Name="PostLoadFcn">qc_set_target_type(getConfigSet(bdroot, &apos;QUARC Default Target Configuration&apos;));</P>
    <P Name="ScopeRefreshTime">0.035000</P>
    <P Name="OverrideScopeRefreshTime">on</P>
    <P Name="DisableAllScopes">off</P>
    <P Name="DataTypeOverride">UseLocalSettings</P>
    <P Name="DataTypeOverrideAppliesTo">AllNumericTypes</P>
    <P Name="MinMaxOverflowLogging">UseLocalSettings</P>
    <P Name="MinMaxOverflowArchiveMode">Overwrite</P>
    <P Name="FPTRunName">Run 1</P>
    <P Name="MaxMDLFileLineLength">120</P>
    <P Name="UserBdParams">CheckForProblematicBlocks</P>
    <Object PropName="BdWindowsInfo" ObjectID="1" ClassName="Simulink.BDWindowsInfo">
      <Object PropName="WindowsInfo" ObjectID="2" ClassName="Simulink.WindowInfo">
        <P Name="IsActive" Class="logical">1</P>
        <P Name="Location" Class="double">[-8.0, 0.0, 1936.0, 1056.0]</P>
        <Object PropName="ModelBrowserInfo" ObjectID="3" ClassName="Simulink.ModelBrowserInfo">
          <P Name="Visible" Class="logical">0</P>
          <P Name="DockPosition" Class="char">Left</P>
          <P Name="Width" Class="int32">50</P>
          <P Name="Height" Class="int32">50</P>
          <P Name="Filter" Class="int32">9</P>
        </Object>
        <Object PropName="ExplorerBarInfo" ObjectID="4" ClassName="Simulink.ExplorerBarInfo">
          <P Name="Visible" Class="logical">1</P>
        </Object>
        <Object PropName="EditorsInfo" ObjectID="5" ClassName="Simulink.EditorInfo">
          <P Name="IsActive" Class="logical">1</P>
          <P Name="ViewObjType" Class="char">SimulinkTopLevel</P>
          <P Name="LoadSaveID" Class="char">0</P>
          <P Name="Extents" Class="double">[1886.0, 882.0]</P>
          <P Name="ZoomFactor" Class="double">1.5035211267605633</P>
          <P Name="Offset" Class="double">[406.55562060889929, 267.68852459016392]</P>
        </Object>
      </Object>
    </Object>
    <UserParameters>
      <P Name="CheckForProblematicBlocks">on</P>
    </UserParameters>
    <ConfigManagerSettings>
      <P Name="UpdateHistory">UpdateHistoryNever</P>
      <P Name="ModifiedByFormat">%&lt;Auto&gt;</P>
      <P Name="ModifiedDateFormat">%&lt;Auto&gt;</P>
      <P Name="RTWModifiedTimeStamp">579182803</P>
      <P Name="ModelVersionFormat">1.%&lt;AutoIncrement:307&gt;</P>
    </ConfigManagerSettings>
    <EditorSettings>
      <P Name="SampleTimeColors">off</P>
      <P Name="SampleTimeAnnotations">off</P>
      <P Name="LibraryLinkDisplay">none</P>
      <P Name="WideLines">off</P>
      <P Name="ShowLineDimensions">off</P>
      <P Name="ShowPortDataTypes">off</P>
      <P Name="ShowDesignRanges">off</P>
      <P Name="ShowLoopsOnError">on</P>
      <P Name="IgnoreBidirectionalLines">off</P>
      <P Name="ShowStorageClass">off</P>
      <P Name="ShowTestPointIcons">on</P>
      <P Name="ShowSignalResolutionIcons">on</P>
      <P Name="ShowViewerIcons">on</P>
      <P Name="SortedOrder">off</P>
      <P Name="ExecutionContextIcon">off</P>
      <P Name="ShowLinearizationAnnotations">on</P>
      <P Name="ShowVisualizeInsertedRTB">on</P>
      <P Name="ShowMarkup">on</P>
      <P Name="BlockNameDataTip">off</P>
      <P Name="BlockParametersDataTip">off</P>
      <P Name="BlockDescriptionStringDataTip">off</P>
      <P Name="ToolBar">on</P>
      <P Name="StatusBar">on</P>
      <P Name="BrowserShowLibraryLinks">off</P>
      <P Name="BrowserLookUnderMasks">off</P>
    </EditorSettings>
    <SimulationSettings>
      <P Name="SimulationMode">external</P>
      <P Name="PauseTimes">5</P>
      <P Name="NumberOfSteps">1</P>
      <P Name="SnapshotBufferSize">10</P>
      <P Name="SnapshotInterval">10</P>
      <P Name="NumberOfLastSnapshots">0</P>
      <P Name="LinearizationMsg">none</P>
      <P Name="Profile">off</P>
      <P Name="ParamWorkspaceSource">MATLABWorkspace</P>
      <P Name="AccelSystemTargetFile">accel.tlc</P>
      <P Name="AccelTemplateMakefile">accel_default_tmf</P>
      <P Name="AccelMakeCommand">make_rtw</P>
      <P Name="TryForcingSFcnDF">off</P>
      <Object PropName="DataLoggingOverride" ObjectID="6" ClassName="Simulink.SimulationData.ModelLoggingInfo">
        <P Name="model_" Class="char">coupled_tanks_s</P>
        <Array PropName="logAsSpecifiedByModels_" Type="Cell" Dimension="1*1">
          <Cell Class="char">coupled_tanks_s</Cell>
        </Array>
        <Array PropName="logAsSpecifiedByModelsSSIDs_" Type="Cell" Dimension="1*1">
          <Cell Class="char"></Cell>
        </Array>
      </Object>
    </SimulationSettings>
    <ExternalMode>
      <P Name="ExtModeBatchMode">off</P>
      <P Name="ExtModeEnableFloating">on</P>
      <P Name="ExtModeTrigType">manual</P>
      <P Name="ExtModeTrigMode">normal</P>
      <P Name="ExtModeTrigPort">1</P>
      <P Name="ExtModeTrigElement">any</P>
      <P Name="ExtModeTrigDuration">30000</P>
      <P Name="ExtModeTrigDurationFloating">auto</P>
      <P Name="ExtModeTrigHoldOff">0</P>
      <P Name="ExtModeTrigDelay">0</P>
      <P Name="ExtModeTrigDirection">rising</P>
      <P Name="ExtModeTrigLevel">0</P>
      <P Name="ExtModeArchiveMode">off</P>
      <P Name="ExtModeAutoIncOneShot">off</P>
      <P Name="ExtModeIncDirWhenArm">off</P>
      <P Name="ExtModeAddSuffixToVar">off</P>
      <P Name="ExtModeWriteAllDataToWs">off</P>
      <P Name="ExtModeArmWhenConnect">on</P>
      <P Name="ExtModeSkipDownloadWhenConnect">off</P>
      <P Name="ExtModeLogAll">on</P>
      <P Name="ExtModeAutoUpdateStatusClock">on</P>
    </ExternalMode>
    <ModelReferenceSettings>
      <P Name="ShowModelReferenceBlockVersion">off</P>
      <P Name="ShowModelReferenceBlockIO">off</P>
    </ModelReferenceSettings>
    <ConcurrentExecutionSettings>
      <Object PropName="DataTransfer" ObjectID="7" ClassName="Simulink.GlobalDataTransfer">
        <P Name="DefaultTransitionBetweenSyncTasks" Class="char">Ensure deterministic transfer (maximum delay)</P>
        <P Name="DefaultTransitionBetweenAsyncTasks" Class="char">Ensure data integrity only</P>
        <P Name="DefaultTransitionBetweenContTasks" Class="char">Ensure deterministic transfer (minimum delay)</P>
        <P Name="DefaultExtrapolationMethodBetweenContTasks" Class="char">None</P>
        <P Name="AutoInsertRateTranBlk" Class="logical">0</P>
      </Object>
      <P Name="ExplicitPartitioning">off</P>
    </ConcurrentExecutionSettings>
    <SystemDefaults>
      <P Name="PaperOrientation">landscape</P>
      <P Name="PaperPositionMode">auto</P>
      <P Name="PaperType">usletter</P>
      <P Name="PaperUnits">inches</P>
      <P Name="TiledPaperMargins">[0.500000, 0.500000, 0.500000, 0.500000]</P>
      <P Name="TiledPageScale">1</P>
      <P Name="ShowPageBoundaries">off</P>
      <P Name="ModelBrowserVisibility">off</P>
      <P Name="ModelBrowserWidth">200</P>
      <P Name="ScreenColor">white</P>
    </SystemDefaults>
    <BlockDefaults>
      <P Name="ForegroundColor">black</P>
      <P Name="BackgroundColor">white</P>
      <P Name="DropShadow">off</P>
      <P Name="NamePlacement">normal</P>
      <P Name="FontName">Helvetica</P>
      <P Name="FontSize">10</P>
      <P Name="FontWeight">normal</P>
      <P Name="FontAngle">normal</P>
      <P Name="ShowName">on</P>
      <P Name="BlockRotation">0</P>
      <P Name="BlockMirror">off</P>
    </BlockDefaults>
    <AnnotationDefaults>
      <P Name="HorizontalAlignment">center</P>
      <P Name="VerticalAlignment">middle</P>
      <P Name="ForegroundColor">black</P>
      <P Name="BackgroundColor">white</P>
      <P Name="DropShadow">off</P>
      <P Name="FontName">Helvetica</P>
      <P Name="FontSize">10</P>
      <P Name="FontWeight">normal</P>
      <P Name="FontAngle">normal</P>
      <P Name="UseDisplayTextAsClickCallback">off</P>
    </AnnotationDefaults>
    <LineDefaults>
      <P Name="FontName">Helvetica</P>
      <P Name="FontSize">9</P>
      <P Name="FontWeight">normal</P>
      <P Name="FontAngle">normal</P>
    </LineDefaults>
    <MaskDefaults>
      <P Name="SelfModifiable">off</P>
      <P Name="IconFrame">on</P>
      <P Name="IconOpaque">on</P>
      <P Name="RunInitForIconRedraw">off</P>
      <P Name="IconRotate">none</P>
      <P Name="PortRotate">default</P>
      <P Name="IconUnits">autoscale</P>
    </MaskDefaults>
    <MaskParameterDefaults>
      <P Name="Evaluate">on</P>
      <P Name="Tunable">on</P>
      <P Name="NeverSave">off</P>
      <P Name="Internal">off</P>
      <P Name="ReadOnly">off</P>
      <P Name="Enabled">on</P>
      <P Name="Visible">on</P>
      <P Name="ToolTip">on</P>
    </MaskParameterDefaults>
    <BlockParameterDefaults>
      <Block BlockType="Constant">
        <P Name="Value">1</P>
        <P Name="VectorParams1D">on</P>
        <P Name="SamplingMode">Sample based</P>
        <P Name="OutMin">[]</P>
        <P Name="OutMax">[]</P>
        <P Name="OutDataTypeStr">Inherit: Inherit from &apos;Constant value&apos;</P>
        <P Name="LockScale">off</P>
        <P Name="SampleTime">inf</P>
        <P Name="FramePeriod">inf</P>
        <P Name="PreserveConstantTs">off</P>
      </Block>
      <Block BlockType="Demux">
        <P Name="Outputs">4</P>
        <P Name="DisplayOption">none</P>
        <P Name="BusSelectionMode">off</P>
      </Block>
      <Block BlockType="Gain">
        <P Name="Gain">1</P>
        <P Name="Multiplication">Element-wise(K.*u)</P>
        <P Name="ParamMin">[]</P>
        <P Name="ParamMax">[]</P>
        <P Name="ParamDataTypeStr">Inherit: Same as input</P>
        <P Name="OutMin">[]</P>
        <P Name="OutMax">[]</P>
        <P Name="OutDataTypeStr">Inherit: Same as input</P>
        <P Name="LockScale">off</P>
        <P Name="RndMeth">Floor</P>
        <P Name="SaturateOnIntegerOverflow">on</P>
        <P Name="SampleTime">-1</P>
      </Block>
      <Block BlockType="Inport">
        <P Name="Port">1</P>
        <P Name="OutputFunctionCall">off</P>
        <P Name="OutMin">[]</P>
        <P Name="OutMax">[]</P>
        <P Name="OutDataTypeStr">Inherit: auto</P>
        <P Name="LockScale">off</P>
        <P Name="BusOutputAsStruct">off</P>
        <P Name="PortDimensions">-1</P>
        <P Name="VarSizeSig">Inherit</P>
        <P Name="SampleTime">-1</P>
        <P Name="SignalType">auto</P>
        <P Name="SamplingMode">auto</P>
        <P Name="LatchByDelayingOutsideSignal">off</P>
        <P Name="LatchInputForFeedbackSignals">off</P>
        <P Name="Interpolate">on</P>
      </Block>
      <Block BlockType="Integrator">
        <P Name="ExternalReset">none</P>
        <P Name="InitialConditionSource">internal</P>
        <P Name="InitialCondition">0</P>
        <P Name="LimitOutput">off</P>
        <P Name="UpperSaturationLimit">inf</P>
        <P Name="LowerSaturationLimit">-inf</P>
        <P Name="WrapState">off</P>
        <P Name="WrappedStateUpperValue">pi</P>
        <P Name="WrappedStateLowerValue">-pi</P>
        <P Name="ShowSaturationPort">off</P>
        <P Name="ShowStatePort">off</P>
        <P Name="AbsoluteTolerance">auto</P>
        <P Name="IgnoreLimit">off</P>
        <P Name="ZeroCross">on</P>
        <P Name="ContinuousStateAttributes">&apos;&apos;</P>
      </Block>
      <Block BlockType="Mux">
        <P Name="Inputs">4</P>
        <P Name="DisplayOption">none</P>
        <P Name="UseBusObject">off</P>
        <P Name="BusObject">BusObject</P>
        <P Name="NonVirtualBus">off</P>
      </Block>
      <Block BlockType="Outport">
        <P Name="Port">1</P>
        <P Name="OutMin">[]</P>
        <P Name="OutMax">[]</P>
        <P Name="OutDataTypeStr">Inherit: auto</P>
        <P Name="LockScale">off</P>
        <P Name="BusOutputAsStruct">off</P>
        <P Name="PortDimensions">-1</P>
        <P Name="VarSizeSig">Inherit</P>
        <P Name="SampleTime">-1</P>
        <P Name="SignalType">auto</P>
        <P Name="SamplingMode">auto</P>
        <P Name="SourceOfInitialOutputValue">Dialog</P>
        <P Name="OutputWhenDisabled">held</P>
        <P Name="InitialOutput">[]</P>
      </Block>
      <Block BlockType="Scope">
        <P Name="DefaultConfigurationName">Simulink.scopes.TimeScopeBlockCfg</P>
        <P Name="NumInputPorts">1</P>
        <P Name="Floating">off</P>
      </Block>
      <Block BlockType="Stop">
      </Block>
      <Block BlockType="SubSystem">
        <P Name="ShowPortLabels">FromPortIcon</P>
        <P Name="Permissions">ReadWrite</P>
        <P Name="PermitHierarchicalResolution">All</P>
        <P Name="TreatAsAtomicUnit">off</P>
        <P Name="MinAlgLoopOccurrences">off</P>
        <P Name="PropExecContextOutsideSubsystem">off</P>
        <P Name="CheckFcnCallInpInsideContextMsg">off</P>
        <P Name="SystemSampleTime">-1</P>
        <P Name="RTWSystemCode">Auto</P>
        <P Name="RTWFcnNameOpts">Auto</P>
        <P Name="RTWFileNameOpts">Auto</P>
        <P Name="FunctionInterfaceSpec">void_void</P>
        <P Name="FunctionWithSeparateData">off</P>
        <P Name="RTWMemSecFuncInitTerm">Inherit from model</P>
        <P Name="RTWMemSecFuncExecute">Inherit from model</P>
        <P Name="RTWMemSecDataConstants">Inherit from model</P>
        <P Name="RTWMemSecDataInternal">Inherit from model</P>
        <P Name="RTWMemSecDataParameters">Inherit from model</P>
        <P Name="SimViewingDevice">off</P>
        <P Name="DataTypeOverride">UseLocalSettings</P>
        <P Name="DataTypeOverrideAppliesTo">AllNumericTypes</P>
        <P Name="MinMaxOverflowLogging">UseLocalSettings</P>
        <P Name="Opaque">off</P>
        <P Name="MaskHideContents">off</P>
        <P Name="SFBlockType">NONE</P>
        <P Name="GeneratePreprocessorConditionals">off</P>
        <P Name="ContentPreviewEnabled">off</P>
        <P Name="IsWebBlock">off</P>
      </Block>
      <Block BlockType="Sum">
        <P Name="IconShape">rectangular</P>
        <P Name="Inputs">++</P>
        <P Name="CollapseMode">All dimensions</P>
        <P Name="CollapseDim">1</P>
        <P Name="InputSameDT">on</P>
        <P Name="AccumDataTypeStr">Inherit: Inherit via internal rule</P>
        <P Name="OutMin">[]</P>
        <P Name="OutMax">[]</P>
        <P Name="OutDataTypeStr">Inherit: Same as first input</P>
        <P Name="LockScale">off</P>
        <P Name="RndMeth">Floor</P>
        <P Name="SaturateOnIntegerOverflow">on</P>
        <P Name="SampleTime">-1</P>
      </Block>
    </BlockParameterDefaults>
    <System>
      <P Name="Location">[-8, 0, 1928, 1056]</P>
      <P Name="Open">on</P>
      <P Name="TiledPaperMargins">[0.500000, 0.500000, 0.500000, 0.500000]</P>
      <P Name="ZoomFactor">150</P>
      <P Name="ReportName">simulink-default.rpt</P>
      <P Name="SIDHighWatermark">376</P>
      <Block BlockType="Gain" Name="A&#xA;" SID="367">
        <P Name="Position">[950, 785, 980, 815]</P>
        <P Name="ZOrder">168</P>
        <P Name="BlockMirror">on</P>
        <P Name="Gain">A</P>
        <P Name="Multiplication">Matrix(K*u) (u vector)</P>
        <P Name="ParamDataTypeStr">Inherit: Inherit via internal rule</P>
        <P Name="OutDataTypeStr">Inherit: Inherit via internal rule</P>
        <P Name="SaturateOnIntegerOverflow">off</P>
      </Block>
      <Block BlockType="Gain" Name="B" SID="368">
        <P Name="Position">[840, 715, 870, 745]</P>
        <P Name="ZOrder">169</P>
        <P Name="Gain">B</P>
        <P Name="Multiplication">Matrix(K*u) (u vector)</P>
        <P Name="ParamDataTypeStr">Inherit: Inherit via internal rule</P>
        <P Name="OutDataTypeStr">Inherit: Inherit via internal rule</P>
        <P Name="SaturateOnIntegerOverflow">off</P>
      </Block>
      <Block BlockType="Gain" Name="C" SID="366">
        <P Name="Position">[1035, 715, 1065, 745]</P>
        <P Name="ZOrder">167</P>
        <P Name="Gain">C</P>
        <P Name="Multiplication">Matrix(K*u) (u vector)</P>
        <P Name="ParamDataTypeStr">Inherit: Inherit via internal rule</P>
        <P Name="OutDataTypeStr">Inherit: Inherit via internal rule</P>
        <P Name="SaturateOnIntegerOverflow">off</P>
      </Block>
      <Block BlockType="Reference" Name="Compare&#xA;To Constant" SID="359">
        <P Name="Ports">[1, 1]</P>
        <P Name="Position">[1150, 280, 1180, 310]</P>
        <P Name="ZOrder">160</P>
        <P Name="LibraryVersion">1.358</P>
        <P Name="SourceBlock">simulink/Logic and Bit
Operations/Compare
To Constant</P>
        <P Name="SourceType">Compare To Constant</P>
        <InstanceData>
          <P Name="ContentPreviewEnabled">off</P>
          <P Name="relop">&gt;=</P>
          <P Name="const">30</P>
          <P Name="OutDataTypeStr">boolean</P>
          <P Name="ZeroCross">on</P>
        </InstanceData>
      </Block>
      <Block BlockType="Reference" Name="Compare&#xA;To Constant1" SID="361">
        <P Name="Ports">[1, 1]</P>
        <P Name="Position">[1200, 495, 1230, 525]</P>
        <P Name="ZOrder">162</P>
        <P Name="LibraryVersion">1.358</P>
        <P Name="SourceBlock">simulink/Logic and Bit
Operations/Compare
To Constant</P>
        <P Name="SourceType">Compare To Constant</P>
        <InstanceData>
          <P Name="ContentPreviewEnabled">off</P>
          <P Name="relop">&gt;=</P>
          <P Name="const">30</P>
          <P Name="OutDataTypeStr">boolean</P>
          <P Name="ZeroCross">on</P>
        </InstanceData>
      </Block>
      <Block BlockType="Constant" Name="Constant" SID="339">
        <P Name="Position">[670, 410, 700, 440]</P>
        <P Name="ZOrder">154</P>
        <P Name="Value">2</P>
      </Block>
      <Block BlockType="Demux" Name="Demux" SID="374">
        <P Name="Ports">[1, 2]</P>
        <P Name="Position">[1175, 656, 1180, 754]</P>
        <P Name="ZOrder">175</P>
        <P Name="ShowName">off</P>
        <P Name="Outputs">2</P>
        <P Name="DisplayOption">bar</P>
      </Block>
      <Block BlockType="Scope" Name="Erros de estimativa" SID="365">
        <P Name="Ports">[1]</P>
        <P Name="Position">[1345, 699, 1375, 731]</P>
        <P Name="ZOrder">166</P>
        <P Name="ScopeSpecificationString">Simulink.scopes.TimeScopeBlockCfg(&apos;CurrentConfiguration&apos;, extmgr.ConfigurationSet(extmgr.Configuration(&apos;Core&apos;,&apos;General UI&apos;,true),extmgr.Configuration(&apos;Core&apos;,&apos;Source UI&apos;,true),extmgr.Configuration(&apos;Sources&apos;,&apos;WiredSimulink&apos;,true,&apos;DataLoggingVariableName&apos;,&apos;ScopeData2&apos;),extmgr.Configuration(&apos;Visuals&apos;,&apos;Time Domain&apos;,true,&apos;SerializedDisplays&apos;,{struct(&apos;MinYLimReal&apos;,&apos;-4&apos;,&apos;MaxYLimReal&apos;,&apos;8&apos;,&apos;YLabelReal&apos;,&apos;&apos;,&apos;MinYLimMag&apos;,&apos;0.00000&apos;,&apos;MaxYLimMag&apos;,&apos;0.37075&apos;,&apos;LegendVisibility&apos;,&apos;On&apos;,&apos;XGrid&apos;,true,&apos;YGrid&apos;,true,&apos;PlotMagPhase&apos;,false,&apos;AxesColor&apos;,[0 0 0],&apos;AxesTickColor&apos;,[0.686274509803922 0.686274509803922 0.686274509803922],&apos;ColorOrder&apos;,[1 1 0.0666666666666667;0.0745098039215686 0.623529411764706 1;1 0.411764705882353 0.16078431372549;0.392156862745098 0.831372549019608 0.0745098039215686;0.717647058823529 0.274509803921569 1;0.0588235294117647 1 1;1 0.0745098039215686 0.650980392156863],&apos;Title&apos;,&apos;%&lt;SignalLabel&gt;&apos;,&apos;LinePropertiesCache&apos;,{{}},&apos;UserDefinedChannelNames&apos;,{{}},&apos;NumLines&apos;,2,&apos;LineNames&apos;,{{&apos;erro t1&apos;,&apos;erro t2&apos;}},&apos;ShowContent&apos;,true,&apos;Placement&apos;,1)},&apos;DisplayPropertyDefaults&apos;,struct(&apos;MinYLimReal&apos;,&apos;-4&apos;,&apos;MaxYLimReal&apos;,&apos;8&apos;,&apos;YLabelReal&apos;,&apos;&apos;,&apos;MinYLimMag&apos;,&apos;0.00000&apos;,&apos;MaxYLimMag&apos;,&apos;0.37075&apos;,&apos;LegendVisibility&apos;,&apos;On&apos;,&apos;XGrid&apos;,true,&apos;YGrid&apos;,true,&apos;PlotMagPhase&apos;,false,&apos;AxesColor&apos;,[0 0 0],&apos;AxesTickColor&apos;,[0.686274509803922 0.686274509803922 0.686274509803922],&apos;ColorOrder&apos;,[0.0745098039215686 0.623529411764706 1;1 0.411764705882353 0.16078431372549;1 1 0.0666666666666667;0.717647058823529 0.274509803921569 1;0.392156862745098 0.831372549019608 0.0745098039215686;0.0588235294117647 1 1;1 0.0745098039215686 0.650980392156863]),&apos;TimeRangeSamples&apos;,&apos;300&apos;,&apos;TimeRangeFrames&apos;,&apos;300&apos;),extmgr.Configuration(&apos;Tools&apos;,&apos;Plot Navigation&apos;,true,&apos;OnceAtStop&apos;,false),extmgr.Configuration(&apos;Tools&apos;,&apos;Measurements&apos;,true,&apos;Version&apos;,&apos;2015b&apos;)),&apos;Version&apos;,&apos;2015b&apos;,&apos;Position&apos;,[291 271 937 639])</P>
      </Block>
      <Block BlockType="Scope" Name="Estados estimados" SID="372">
        <P Name="Ports">[1]</P>
        <P Name="Position">[1135, 784, 1165, 816]</P>
        <P Name="ZOrder">173</P>
        <P Name="ScopeSpecificationString">Simulink.scopes.TimeScopeBlockCfg(&apos;CurrentConfiguration&apos;, extmgr.ConfigurationSet(extmgr.Configuration(&apos;Core&apos;,&apos;General UI&apos;,true),extmgr.Configuration(&apos;Core&apos;,&apos;Source UI&apos;,true),extmgr.Configuration(&apos;Sources&apos;,&apos;WiredSimulink&apos;,true,&apos;DataLoggingVariableName&apos;,&apos;ScopeData3&apos;),extmgr.Configuration(&apos;Visuals&apos;,&apos;Time Domain&apos;,true,&apos;SerializedDisplays&apos;,{struct(&apos;MinYLimReal&apos;,&apos;-5&apos;,&apos;MaxYLimReal&apos;,&apos;30&apos;,&apos;YLabelReal&apos;,&apos;&apos;,&apos;MinYLimMag&apos;,&apos;11.06903&apos;,&apos;MaxYLimMag&apos;,&apos;13.54871&apos;,&apos;LegendVisibility&apos;,&apos;On&apos;,&apos;XGrid&apos;,true,&apos;YGrid&apos;,true,&apos;PlotMagPhase&apos;,false,&apos;AxesColor&apos;,[0 0 0],&apos;AxesTickColor&apos;,[0.686274509803922 0.686274509803922 0.686274509803922],&apos;ColorOrder&apos;,[1 1 0.0666666666666667;0.0745098039215686 0.623529411764706 1;1 0.411764705882353 0.16078431372549;0.392156862745098 0.831372549019608 0.0745098039215686;0.717647058823529 0.274509803921569 1;0.0588235294117647 1 1;1 0.0745098039215686 0.650980392156863],&apos;Title&apos;,&apos;%&lt;SignalLabel&gt;&apos;,&apos;LinePropertiesCache&apos;,{{}},&apos;UserDefinedChannelNames&apos;,{{}},&apos;NumLines&apos;,2,&apos;LineNames&apos;,{{&apos;Integrator:1&apos;,&apos;Integrator:2&apos;}},&apos;ShowContent&apos;,true,&apos;Placement&apos;,1)},&apos;DisplayPropertyDefaults&apos;,struct(&apos;MinYLimReal&apos;,&apos;-5&apos;,&apos;MaxYLimReal&apos;,&apos;30&apos;,&apos;YLabelReal&apos;,&apos;&apos;,&apos;MinYLimMag&apos;,&apos;11.06903&apos;,&apos;MaxYLimMag&apos;,&apos;13.54871&apos;,&apos;LegendVisibility&apos;,&apos;On&apos;,&apos;XGrid&apos;,true,&apos;YGrid&apos;,true,&apos;PlotMagPhase&apos;,false,&apos;AxesColor&apos;,[0 0 0],&apos;AxesTickColor&apos;,[0.686274509803922 0.686274509803922 0.686274509803922],&apos;ColorOrder&apos;,[0.0745098039215686 0.623529411764706 1;1 0.411764705882353 0.16078431372549;1 1 0.0666666666666667;0.717647058823529 0.274509803921569 1;0.392156862745098 0.831372549019608 0.0745098039215686;0.0588235294117647 1 1;1 0.0745098039215686 0.650980392156863]),&apos;TimeRangeSamples&apos;,&apos;300&apos;,&apos;TimeRangeFrames&apos;,&apos;300&apos;),extmgr.Configuration(&apos;Tools&apos;,&apos;Plot Navigation&apos;,true,&apos;OnceAtStop&apos;,false),extmgr.Configuration(&apos;Tools&apos;,&apos;Measurements&apos;,true,&apos;Version&apos;,&apos;2015b&apos;)),&apos;Version&apos;,&apos;2015b&apos;,&apos;Position&apos;,[127 302 937 643])</P>
      </Block>
      <Block BlockType="Integrator" Name="Integrator" SID="370">
        <P Name="Ports">[1, 1]</P>
        <P Name="Position">[950, 715, 980, 745]</P>
        <P Name="ZOrder">171</P>
      </Block>
      <Block BlockType="Gain" Name="L" SID="358">
        <P Name="Position">[965, 610, 995, 640]</P>
        <P Name="ZOrder">159</P>
        <P Name="BlockMirror">on</P>
        <P Name="Gain">L</P>
        <P Name="Multiplication">Matrix(K*u) (u vector)</P>
        <P Name="ParamDataTypeStr">Inherit: Inherit via internal rule</P>
        <P Name="OutDataTypeStr">Inherit: Inherit via internal rule</P>
        <P Name="SaturateOnIntegerOverflow">off</P>
      </Block>
      <Block BlockType="Mux" Name="Mux" SID="342">
        <P Name="Ports">[2, 1]</P>
        <P Name="Position">[1150, 358, 1155, 487]</P>
        <P Name="ZOrder">155</P>
        <P Name="ShowName">off</P>
        <P Name="Inputs">2</P>
        <P Name="DisplayOption">bar</P>
      </Block>
      <Block BlockType="Mux" Name="Mux1" SID="364">
        <P Name="Ports">[2, 1]</P>
        <P Name="Position">[1280, 648, 1285, 777]</P>
        <P Name="ZOrder">165</P>
        <P Name="ShowName">off</P>
        <P Name="Inputs">2</P>
        <P Name="DisplayOption">bar</P>
      </Block>
      <Block BlockType="Scope" Name="Níveis" SID="356">
        <P Name="Ports">[1]</P>
        <P Name="Position">[1215, 409, 1245, 441]</P>
        <P Name="ZOrder">156</P>
        <P Name="ScopeSpecificationString">Simulink.scopes.TimeScopeBlockCfg(&apos;CurrentConfiguration&apos;, extmgr.ConfigurationSet(extmgr.Configuration(&apos;Core&apos;,&apos;General UI&apos;,true),extmgr.Configuration(&apos;Core&apos;,&apos;Source UI&apos;,true),extmgr.Configuration(&apos;Sources&apos;,&apos;WiredSimulink&apos;,true),extmgr.Configuration(&apos;Visuals&apos;,&apos;Time Domain&apos;,true,&apos;SerializedDisplays&apos;,{struct(&apos;MinYLimReal&apos;,&apos;0&apos;,&apos;MaxYLimReal&apos;,&apos;30&apos;,&apos;YLabelReal&apos;,&apos;&apos;,&apos;MinYLimMag&apos;,&apos;11.40165&apos;,&apos;MaxYLimMag&apos;,&apos;13.00859&apos;,&apos;LegendVisibility&apos;,&apos;On&apos;,&apos;XGrid&apos;,true,&apos;YGrid&apos;,true,&apos;PlotMagPhase&apos;,false,&apos;AxesColor&apos;,[0 0 0],&apos;AxesTickColor&apos;,[0.686274509803922 0.686274509803922 0.686274509803922],&apos;ColorOrder&apos;,[1 1 0.0666666666666667;0.0745098039215686 0.623529411764706 1;1 0.411764705882353 0.16078431372549;0.392156862745098 0.831372549019608 0.0745098039215686;0.717647058823529 0.274509803921569 1;0.0588235294117647 1 1;1 0.0745098039215686 0.650980392156863],&apos;Title&apos;,&apos;%&lt;SignalLabel&gt;&apos;,&apos;LinePropertiesCache&apos;,{{}},&apos;UserDefinedChannelNames&apos;,{{}},&apos;NumLines&apos;,2,&apos;LineNames&apos;,{{&apos;Nivel tank 1&apos;,&apos;Nivel tank 2&apos;}},&apos;ShowContent&apos;,true,&apos;Placement&apos;,1)},&apos;DisplayPropertyDefaults&apos;,struct(&apos;MinYLimReal&apos;,&apos;0&apos;,&apos;MaxYLimReal&apos;,&apos;30&apos;,&apos;YLabelReal&apos;,&apos;&apos;,&apos;MinYLimMag&apos;,&apos;11.40165&apos;,&apos;MaxYLimMag&apos;,&apos;13.00859&apos;,&apos;LegendVisibility&apos;,&apos;On&apos;,&apos;XGrid&apos;,true,&apos;YGrid&apos;,true,&apos;PlotMagPhase&apos;,false,&apos;AxesColor&apos;,[0 0 0],&apos;AxesTickColor&apos;,[0.686274509803922 0.686274509803922 0.686274509803922],&apos;ColorOrder&apos;,[0.0745098039215686 0.623529411764706 1;1 0.411764705882353 0.16078431372549;1 1 0.0666666666666667;0.717647058823529 0.274509803921569 1;0.392156862745098 0.831372549019608 0.0745098039215686;0.0588235294117647 1 1;1 0.0745098039215686 0.650980392156863]),&apos;TimeRangeSamples&apos;,&apos;300&apos;,&apos;TimeRangeFrames&apos;,&apos;300&apos;),extmgr.Configuration(&apos;Tools&apos;,&apos;Plot Navigation&apos;,true,&apos;OnceAtStop&apos;,false),extmgr.Configuration(&apos;Tools&apos;,&apos;Measurements&apos;,true,&apos;Version&apos;,&apos;2015b&apos;)),&apos;Version&apos;,&apos;2015b&apos;,&apos;Position&apos;,[118 260 936 641],&apos;VisibleAtModelOpen&apos;,&apos;on&apos;)</P>
      </Block>
      <Block BlockType="SubSystem" Name="PLANTA" SID="343">
        <P Name="Ports">[1, 2]</P>
        <P Name="Position">[810, 359, 1005, 486]</P>
        <P Name="ZOrder">153</P>
        <P Name="BackgroundColor">green</P>
        <P Name="FontName">Arial</P>
        <P Name="FontSize">12</P>
        <P Name="FontWeight">bold</P>
        <P Name="RequestExecContextInheritance">off</P>
        <P Name="Variant">off</P>
        <Port>
          <P Name="PortNumber">1</P>
          <P Name="Name">Nivel tank 1</P>
          <P Name="RTWStorageClass">Auto</P>
          <P Name="DataLoggingNameMode">SignalName</P>
        </Port>
        <Port>
          <P Name="PortNumber">2</P>
          <P Name="Name">Nivel tank 2</P>
          <P Name="RTWStorageClass">Auto</P>
          <P Name="DataLoggingNameMode">SignalName</P>
        </Port>
        <System>
          <P Name="Location">[-8, 0, 1928, 1056]</P>
          <P Name="Open">off</P>
          <P Name="TiledPaperMargins">[0.500000, 0.500000, 0.500000, 0.500000]</P>
          <P Name="ZoomFactor">100</P>
          <Block BlockType="Inport" Name="Vp" SID="344">
            <P Name="Position">[20, 248, 50, 262]</P>
            <P Name="ZOrder">25</P>
            <P Name="IconDisplay">Port number</P>
          </Block>
          <Block BlockType="Reference" Name="HIL Initialize" SID="345">
            <P Name="Ports">[]</P>
            <P Name="Position">[360, 39, 444, 114]</P>
            <P Name="ZOrder">-2</P>
            <P Name="AttributesFormatString">%&lt;object_name&gt; (%&lt;board_type&gt;-%&lt;board_number&gt;)</P>
            <P Name="LibraryVersion">1.1573</P>
            <P Name="UserDataPersistent">on</P>
            <P Name="UserData" Ref="bdmxdata:UserData_345"></P>
            <P Name="SourceBlock">quarc_library/Data Acquisition/Generic/Configuration/HIL Initialize</P>
            <P Name="SourceType">HIL Initialize</P>
            <InstanceData>
              <P Name="object_name">HIL-1</P>
              <P Name="board_type">q8_usb</P>
              <P Name="board_number">0</P>
              <P Name="board_options">update_rate=normal;decimation=1</P>
              <P Name="exclusive">off</P>
              <P Name="active">off</P>
              <P Name="hardware_clocks">[0:2]</P>
              <P Name="clock_modes">[]</P>
              <P Name="initial_clock_frequencies">[]</P>
              <P Name="set_clock_params_at_start">off</P>
              <P Name="set_clock_params_at_switch_in">off</P>
              <P Name="set_clock_frequencies_at_start">off</P>
              <P Name="set_clock_frequencies_at_switch_in">off</P>
              <P Name="analog_input_channels">[0:7]</P>
              <P Name="analog_input_maximums">10</P>
              <P Name="analog_input_minimums">-10</P>
              <P Name="set_analog_input_params_at_start">on</P>
              <P Name="set_analog_input_params_at_switch_in">off</P>
              <P Name="analog_output_channels">[0:7]</P>
              <P Name="analog_output_maximums">10</P>
              <P Name="analog_output_minimums">-10</P>
              <P Name="initial_analog_outputs">[0]</P>
              <P Name="final_analog_outputs">[0]</P>
              <P Name="watchdog_analog_outputs">0</P>
              <P Name="set_analog_output_params_at_start">on</P>
              <P Name="set_analog_output_params_at_switch_in">off</P>
              <P Name="set_analog_outputs_at_start">on</P>
              <P Name="set_analog_outputs_at_switch_in">off</P>
              <P Name="set_analog_outputs_at_terminate">on</P>
              <P Name="set_analog_outputs_at_switch_out">off</P>
              <P Name="set_analog_outputs_on_watchdog">off</P>
              <P Name="digital_input_channels">[]</P>
              <P Name="digital_output_channels">[]</P>
              <P Name="digital_output_configuration">[]</P>
              <P Name="initial_digital_outputs">[1]</P>
              <P Name="final_digital_outputs">[1]</P>
              <P Name="watchdog_digital_outputs">[1]</P>
              <P Name="set_digital_output_params_at_start">off</P>
              <P Name="set_digital_output_params_at_switch_in">off</P>
              <P Name="set_digital_outputs_at_start">on</P>
              <P Name="set_digital_outputs_at_switch_in">off</P>
              <P Name="set_digital_outputs_at_terminate">on</P>
              <P Name="set_digital_outputs_at_switch_out">off</P>
              <P Name="set_digital_outputs_on_watchdog">off</P>
              <P Name="encoder_channels">[0:7]</P>
              <P Name="quadrature">[4]</P>
              <P Name="encoder_filter_frequency">[]</P>
              <P Name="initial_encoder_counts">[0]</P>
              <P Name="set_encoder_params_at_start">on</P>
              <P Name="set_encoder_params_at_switch_in">off</P>
              <P Name="set_encoder_counts_at_start">on</P>
              <P Name="set_encoder_counts_at_switch_in">off</P>
              <P Name="pwm_channels">[0:7]</P>
              <P Name="pwm_modes">0</P>
              <P Name="pwm_frequency">99.532799999999995e6/4095</P>
              <P Name="pwm_configuration">[0]</P>
              <P Name="pwm_alignment">[0]</P>
              <P Name="pwm_polarity">[1]</P>
              <P Name="pwm_leading_deadband">[0]</P>
              <P Name="pwm_trailing_deadband">[0]</P>
              <P Name="initial_pwm_outputs">[0]</P>
              <P Name="final_pwm_outputs">[0]</P>
              <P Name="watchdog_pwm_outputs">[0]</P>
              <P Name="set_pwm_params_at_start">on</P>
              <P Name="set_pwm_params_at_switch_in">off</P>
              <P Name="set_pwm_outputs_at_start">on</P>
              <P Name="set_pwm_outputs_at_switch_in">off</P>
              <P Name="set_pwm_outputs_at_terminate">on</P>
              <P Name="set_pwm_outputs_at_switch_out">off</P>
              <P Name="set_pwm_outputs_on_watchdog">off</P>
              <P Name="other_output_channels">[]</P>
              <P Name="initial_other_outputs">[]</P>
              <P Name="final_other_outputs">[]</P>
              <P Name="watchdog_other_outputs">[]</P>
              <P Name="set_other_outputs_at_start">off</P>
              <P Name="set_other_outputs_at_switch_in">off</P>
              <P Name="set_other_outputs_at_terminate">off</P>
              <P Name="set_other_outputs_at_switch_out">off</P>
              <P Name="set_other_outputs_on_watchdog">off</P>
            </InstanceData>
          </Block>
          <Block BlockType="Reference" Name="HIL Read Analog" SID="346">
            <P Name="Ports">[0, 2]</P>
            <P Name="Position">[500, 224, 585, 286]</P>
            <P Name="ZOrder">-12</P>
            <P Name="AttributesFormatString">(%&lt;object_name&gt;)</P>
            <P Name="LibraryVersion">1.1573</P>
            <P Name="UserDataPersistent">on</P>
            <P Name="UserData" Ref="bdmxdata:UserData_346"></P>
            <P Name="SourceBlock">quarc_library/Data Acquisition/Generic/Immediate I//O/HIL Read Analog</P>
            <P Name="SourceType">HIL Read Analog</P>
            <InstanceData>
              <P Name="object_name">HIL-1</P>
              <P Name="channels">[0:1]</P>
              <P Name="sample_time">qc_get_step_size</P>
              <P Name="active">on</P>
              <P Name="vector_output">off</P>
            </InstanceData>
          </Block>
          <Block BlockType="Reference" Name="HIL Write Analog" SID="347">
            <P Name="Ports">[1]</P>
            <P Name="Position">[245, 224, 330, 286]</P>
            <P Name="ZOrder">-5</P>
            <P Name="AttributesFormatString">(%&lt;object_name&gt;)</P>
            <P Name="LibraryVersion">1.1573</P>
            <P Name="UserDataPersistent">on</P>
            <P Name="UserData" Ref="bdmxdata:UserData_347"></P>
            <P Name="SourceBlock">quarc_library/Data Acquisition/Generic/Immediate I//O/HIL Write Analog</P>
            <P Name="SourceType">HIL Write Analog</P>
            <InstanceData>
              <P Name="object_name">HIL-1</P>
              <P Name="channels">0</P>
              <P Name="sample_time">-1</P>
              <P Name="active">off</P>
              <P Name="vector_input">off</P>
            </InstanceData>
          </Block>
          <Block BlockType="Gain" Name="Volts to cm&#xA;Tank 1 " SID="348">
            <P Name="Position">[730, 218, 790, 262]</P>
            <P Name="ZOrder">24</P>
            <P Name="Gain">30/4.8</P>
            <P Name="ParamDataTypeStr">Inherit: Inherit via internal rule</P>
            <P Name="OutDataTypeStr">Inherit: Inherit via internal rule</P>
            <P Name="SaturateOnIntegerOverflow">off</P>
          </Block>
          <Block BlockType="Gain" Name="Volts to cm&#xA;Tank 2" SID="349">
            <P Name="Position">[730, 343, 785, 387]</P>
            <P Name="ZOrder">24</P>
            <P Name="Gain">30/4.8</P>
            <P Name="ParamDataTypeStr">Inherit: Inherit via internal rule</P>
            <P Name="OutDataTypeStr">Inherit: Inherit via internal rule</P>
            <P Name="SaturateOnIntegerOverflow">off</P>
          </Block>
          <Block BlockType="Outport" Name="Nível Tank 1" SID="350">
            <P Name="Position">[865, 233, 895, 247]</P>
            <P Name="ZOrder">26</P>
            <P Name="IconDisplay">Port number</P>
          </Block>
          <Block BlockType="Outport" Name="Nível Tank 2" SID="351">
            <P Name="Position">[865, 358, 895, 372]</P>
            <P Name="ZOrder">27</P>
            <P Name="Port">2</P>
            <P Name="IconDisplay">Port number</P>
          </Block>
          <Line>
            <P Name="ZOrder">1</P>
            <P Name="Src">346#out:1</P>
            <P Name="Dst">348#in:1</P>
          </Line>
          <Line>
            <P Name="ZOrder">2</P>
            <P Name="Src">346#out:2</P>
            <P Name="Points">[110, 0; 0, 95]</P>
            <P Name="Dst">349#in:1</P>
          </Line>
          <Line>
            <P Name="ZOrder">3</P>
            <P Name="Src">344#out:1</P>
            <P Name="Dst">347#in:1</P>
          </Line>
          <Line>
            <P Name="ZOrder">4</P>
            <P Name="Src">348#out:1</P>
            <P Name="Dst">350#in:1</P>
          </Line>
          <Line>
            <P Name="ZOrder">5</P>
            <P Name="Src">349#out:1</P>
            <P Name="Dst">351#in:1</P>
          </Line>
          <Annotation SID="355">
            <P Name="Name">Select  your data acquisition device here</P>
            <P Name="Position">[415, 23, 646, 40]</P>
            <P Name="InternalMargins">[0, 0, 0, 0]</P>
            <P Name="FixedHeight">off</P>
            <P Name="FixedWidth">off</P>
            <P Name="ZOrder">-1</P>
            <P Name="FontName">Arial</P>
            <P Name="FontSize">12</P>
            <P Name="FontWeight">bold</P>
          </Annotation>
          <Annotation SID="354">
            <P Name="Name">Apply voltage to pump.
Connected via amplifier set with Gain 3x 
to  Analog Output #0</P>
            <P Name="Position">[234, 193, 467, 240]</P>
            <P Name="InternalMargins">[0, 0, 0, 0]</P>
            <P Name="FixedHeight">off</P>
            <P Name="FixedWidth">off</P>
            <P Name="ZOrder">-2</P>
            <P Name="FontSize">12</P>
            <P Name="FontWeight">bold</P>
            <P Name="FontAngle">italic</P>
          </Annotation>
          <Annotation SID="353">
            <P Name="Name">Measure Tank 2 level using pressure sensor.
Connected to Analog Input #1</P>
            <P Name="Position">[568, 340, 823, 372]</P>
            <P Name="InternalMargins">[0, 0, 0, 0]</P>
            <P Name="FixedHeight">off</P>
            <P Name="FixedWidth">off</P>
            <P Name="ZOrder">-3</P>
            <P Name="FontName">Arial</P>
            <P Name="FontSize">12</P>
            <P Name="FontWeight">bold</P>
          </Annotation>
          <Annotation SID="352">
            <P Name="Name">Measure Tank 1 level using pressure sensor.
Connected to Analog Input #0</P>
            <P Name="Position">[568, 205, 823, 237]</P>
            <P Name="InternalMargins">[0, 0, 0, 0]</P>
            <P Name="FixedHeight">off</P>
            <P Name="FixedWidth">off</P>
            <P Name="ZOrder">-4</P>
            <P Name="FontName">Arial</P>
            <P Name="FontSize">12</P>
            <P Name="FontWeight">bold</P>
          </Annotation>
        </System>
      </Block>
      <Block BlockType="Scope" Name="Sinal de entrada (u)&#xA;" SID="363">
        <P Name="Ports">[1]</P>
        <P Name="Position">[765, 519, 795, 551]</P>
        <P Name="ZOrder">164</P>
        <P Name="ScopeSpecificationString">Simulink.scopes.TimeScopeBlockCfg(&apos;CurrentConfiguration&apos;, extmgr.ConfigurationSet(extmgr.Configuration(&apos;Core&apos;,&apos;General UI&apos;,true),extmgr.Configuration(&apos;Core&apos;,&apos;Source UI&apos;,true),extmgr.Configuration(&apos;Sources&apos;,&apos;WiredSimulink&apos;,true,&apos;DataLoggingVariableName&apos;,&apos;ScopeData1&apos;,&apos;DataLoggingLimitDataPoints&apos;,true,&apos;DataLoggingSaveFormat&apos;,&apos;Array&apos;,&apos;DataLoggingDecimation&apos;,&apos;1&apos;,&apos;DataLoggingDecimateData&apos;,true),extmgr.Configuration(&apos;Visuals&apos;,&apos;Time Domain&apos;,true,&apos;SerializedDisplays&apos;,{struct(&apos;MinYLimReal&apos;,&apos;2.00000&apos;,&apos;MaxYLimReal&apos;,&apos;4.00000&apos;,&apos;YLabelReal&apos;,&apos;&apos;,&apos;MinYLimMag&apos;,&apos;2.00000&apos;,&apos;MaxYLimMag&apos;,&apos;4.00000&apos;,&apos;LegendVisibility&apos;,&apos;off&apos;,&apos;XGrid&apos;,true,&apos;YGrid&apos;,true,&apos;PlotMagPhase&apos;,false,&apos;AxesColor&apos;,[0 0 0],&apos;AxesTickColor&apos;,[0.686274509803922 0.686274509803922 0.686274509803922],&apos;ColorOrder&apos;,[1 1 0.0666666666666667;0.0745098039215686 0.623529411764706 1;1 0.411764705882353 0.16078431372549;0.392156862745098 0.831372549019608 0.0745098039215686;0.717647058823529 0.274509803921569 1;0.0588235294117647 1 1;1 0.0745098039215686 0.650980392156863],&apos;Title&apos;,&apos;%&lt;SignalLabel&gt;&apos;,&apos;LinePropertiesCache&apos;,{{}},&apos;UserDefinedChannelNames&apos;,{{}},&apos;NumLines&apos;,1,&apos;LineNames&apos;,{{&apos;Constant&apos;}},&apos;ShowContent&apos;,true,&apos;Placement&apos;,1)},&apos;DisplayPropertyDefaults&apos;,struct(&apos;MinYLimReal&apos;,&apos;2.00000&apos;,&apos;MaxYLimReal&apos;,&apos;4.00000&apos;,&apos;YLabelReal&apos;,&apos;&apos;,&apos;MinYLimMag&apos;,&apos;2.00000&apos;,&apos;MaxYLimMag&apos;,&apos;4.00000&apos;,&apos;LegendVisibility&apos;,&apos;off&apos;,&apos;XGrid&apos;,true,&apos;YGrid&apos;,true,&apos;PlotMagPhase&apos;,false,&apos;AxesColor&apos;,[0 0 0],&apos;AxesTickColor&apos;,[0.686274509803922 0.686274509803922 0.686274509803922],&apos;ColorOrder&apos;,[0.0745098039215686 0.623529411764706 1;1 0.411764705882353 0.16078431372549;1 1 0.0666666666666667;0.717647058823529 0.274509803921569 1;0.392156862745098 0.831372549019608 0.0745098039215686;0.0588235294117647 1 1;1 0.0745098039215686 0.650980392156863])),extmgr.Configuration(&apos;Tools&apos;,&apos;Plot Navigation&apos;,true),extmgr.Configuration(&apos;Tools&apos;,&apos;Measurements&apos;,true,&apos;Version&apos;,&apos;2015b&apos;)),&apos;Version&apos;,&apos;2015b&apos;)</P>
      </Block>
      <Block BlockType="Stop" Name="Stop Simulation" SID="360">
        <P Name="Position">[1240, 277, 1275, 313]</P>
        <P Name="ZOrder">161</P>
      </Block>
      <Block BlockType="Stop" Name="Stop Simulation1" SID="362">
        <P Name="Position">[1290, 492, 1325, 528]</P>
        <P Name="ZOrder">163</P>
      </Block>
      <Block BlockType="Sum" Name="Sum" SID="369">
        <P Name="Ports">[3, 1]</P>
        <P Name="Position">[895, 715, 925, 745]</P>
        <P Name="ZOrder">170</P>
        <P Name="ShowName">off</P>
        <P Name="IconShape">round</P>
        <P Name="Inputs">+|+|+</P>
        <P Name="InputSameDT">off</P>
        <P Name="OutDataTypeStr">Inherit: Inherit via internal rule</P>
        <P Name="SaturateOnIntegerOverflow">off</P>
      </Block>
      <Block BlockType="Sum" Name="Sum1" SID="371">
        <P Name="Ports">[2, 1]</P>
        <P Name="Position">[1070, 615, 1090, 635]</P>
        <P Name="ZOrder">172</P>
        <P Name="BlockMirror">on</P>
        <P Name="ShowName">off</P>
        <P Name="IconShape">round</P>
        <P Name="Inputs">+-</P>
        <P Name="InputSameDT">off</P>
        <P Name="OutDataTypeStr">Inherit: Inherit via internal rule</P>
        <P Name="SaturateOnIntegerOverflow">off</P>
      </Block>
      <Block BlockType="Sum" Name="Sum2" SID="375">
        <P Name="Ports">[2, 1]</P>
        <P Name="Position">[1205, 645, 1225, 665]</P>
        <P Name="ZOrder">176</P>
        <P Name="BlockRotation">270</P>
        <P Name="BlockMirror">on</P>
        <P Name="ShowName">off</P>
        <P Name="IconShape">round</P>
        <P Name="Inputs">-+|</P>
        <P Name="InputSameDT">off</P>
        <P Name="OutDataTypeStr">Inherit: Inherit via internal rule</P>
        <P Name="SaturateOnIntegerOverflow">off</P>
        <Port>
          <P Name="PortNumber">1</P>
          <P Name="Name">erro t1</P>
          <P Name="RTWStorageClass">Auto</P>
          <P Name="DataLoggingNameMode">SignalName</P>
        </Port>
      </Block>
      <Block BlockType="Sum" Name="Sum3" SID="376">
        <P Name="Ports">[2, 1]</P>
        <P Name="Position">[1225, 720, 1245, 740]</P>
        <P Name="ZOrder">177</P>
        <P Name="BlockRotation">270</P>
        <P Name="BlockMirror">on</P>
        <P Name="ShowName">off</P>
        <P Name="IconShape">round</P>
        <P Name="Inputs">-+|</P>
        <P Name="InputSameDT">off</P>
        <P Name="OutDataTypeStr">Inherit: Inherit via internal rule</P>
        <P Name="SaturateOnIntegerOverflow">off</P>
        <Port>
          <P Name="PortNumber">1</P>
          <P Name="Name">erro t2</P>
          <P Name="RTWStorageClass">Auto</P>
          <P Name="DataLoggingNameMode">SignalName</P>
        </Port>
      </Block>
      <Line>
        <P Name="Name">Nivel tank 1</P>
        <P Name="ZOrder">570</P>
        <P Name="Src">343#out:1</P>
        <P Name="Points">[36, 0]</P>
        <Branch>
          <P Name="ZOrder">578</P>
          <P Name="Points">[0, -95]</P>
          <P Name="Dst">359#in:1</P>
        </Branch>
        <Branch>
          <P Name="ZOrder">575</P>
          <P Name="Labels">[1, 1]</P>
          <P Name="Dst">342#in:1</P>
        </Branch>
        <Branch>
          <P Name="ZOrder">629</P>
          <P Name="Points">[0, 205; 169, 0]</P>
          <P Name="Dst">375#in:2</P>
        </Branch>
      </Line>
      <Line>
        <P Name="ZOrder">574</P>
        <P Name="Src">342#out:1</P>
        <P Name="Dst">356#in:1</P>
      </Line>
      <Line>
        <P Name="ZOrder">579</P>
        <P Name="Src">359#out:1</P>
        <P Name="Dst">360#in:1</P>
      </Line>
      <Line>
        <P Name="Name">Nivel tank 2</P>
        <P Name="ZOrder">573</P>
        <P Name="Src">343#out:2</P>
        <P Name="Points">[70, 0]</P>
        <Branch>
          <P Name="ZOrder">583</P>
          <P Name="Points">[0, 55]</P>
          <Branch>
            <P Name="ZOrder">634</P>
            <P Name="Points">[0, 56]</P>
            <Branch>
              <P Name="ZOrder">633</P>
              <P Name="Points">[155, 0]</P>
              <P Name="Dst">376#in:2</P>
            </Branch>
            <Branch>
              <P Name="ZOrder">632</P>
              <P Name="Dst">371#in:1</P>
            </Branch>
          </Branch>
          <Branch>
            <P Name="ZOrder">604</P>
            <P Name="Dst">361#in:1</P>
          </Branch>
        </Branch>
        <Branch>
          <P Name="ZOrder">582</P>
          <P Name="Labels">[1, 1]</P>
          <P Name="Dst">342#in:2</P>
        </Branch>
      </Line>
      <Line>
        <P Name="ZOrder">581</P>
        <P Name="Src">361#out:1</P>
        <P Name="Dst">362#in:1</P>
      </Line>
      <Line>
        <P Name="ZOrder">588</P>
        <P Name="Src">364#out:1</P>
        <P Name="Dst">365#in:1</P>
      </Line>
      <Line>
        <P Name="ZOrder">567</P>
        <P Name="Src">339#out:1</P>
        <P Name="Points">[23, 0]</P>
        <Branch>
          <P Name="ZOrder">586</P>
          <P Name="Points">[0, 110]</P>
          <Branch>
            <P Name="ZOrder">592</P>
            <P Name="Points">[0, 195]</P>
            <P Name="Dst">368#in:1</P>
          </Branch>
          <Branch>
            <P Name="ZOrder">591</P>
            <P Name="Dst">363#in:1</P>
          </Branch>
        </Branch>
        <Branch>
          <P Name="ZOrder">585</P>
          <P Name="Dst">343#in:1</P>
        </Branch>
      </Line>
      <Line>
        <P Name="ZOrder">595</P>
        <P Name="Src">368#out:1</P>
        <P Name="Dst">369#in:2</P>
      </Line>
      <Line>
        <P Name="ZOrder">596</P>
        <P Name="Src">367#out:1</P>
        <P Name="Points">[-35, 0]</P>
        <P Name="Dst">369#in:3</P>
      </Line>
      <Line>
        <P Name="ZOrder">597</P>
        <P Name="Src">358#out:1</P>
        <P Name="Points">[-50, 0]</P>
        <P Name="Dst">369#in:1</P>
      </Line>
      <Line>
        <P Name="ZOrder">598</P>
        <P Name="Src">369#out:1</P>
        <P Name="Dst">370#in:1</P>
      </Line>
      <Line>
        <P Name="ZOrder">599</P>
        <P Name="Src">370#out:1</P>
        <P Name="Points">[23, 0]</P>
        <Branch>
          <P Name="ZOrder">607</P>
          <P Name="Points">[0, 70]</P>
          <Branch>
            <P Name="ZOrder">609</P>
            <P Name="Points">[87, 0]</P>
            <Branch>
              <P Name="ZOrder">636</P>
              <P Name="Points">[0, -95]</P>
              <P Name="Dst">374#in:1</P>
            </Branch>
            <Branch>
              <P Name="ZOrder">619</P>
              <P Name="Dst">372#in:1</P>
            </Branch>
          </Branch>
          <Branch>
            <P Name="ZOrder">608</P>
            <P Name="Dst">367#in:1</P>
          </Branch>
        </Branch>
        <Branch>
          <P Name="ZOrder">606</P>
          <P Name="Dst">366#in:1</P>
        </Branch>
      </Line>
      <Line>
        <P Name="ZOrder">602</P>
        <P Name="Src">371#out:1</P>
        <P Name="Dst">358#in:1</P>
      </Line>
      <Line>
        <P Name="ZOrder">603</P>
        <P Name="Src">366#out:1</P>
        <P Name="Points">[10, 0]</P>
        <P Name="Dst">371#in:2</P>
      </Line>
      <Line>
        <P Name="ZOrder">623</P>
        <P Name="Src">374#out:1</P>
        <P Name="Points">[5, 0]</P>
        <P Name="Dst">375#in:1</P>
      </Line>
      <Line>
        <P Name="Name">erro t1</P>
        <P Name="ZOrder">624</P>
        <P Name="Labels">[2, 1]</P>
        <P Name="Src">375#out:1</P>
        <P Name="Points">[0, 10]</P>
        <P Name="Dst">364#in:1</P>
      </Line>
      <Line>
        <P Name="ZOrder">631</P>
        <P Name="Src">374#out:2</P>
        <P Name="Dst">376#in:1</P>
      </Line>
      <Line>
        <P Name="Name">erro t2</P>
        <P Name="ZOrder">635</P>
        <P Name="Labels">[1, 1]</P>
        <P Name="Src">376#out:1</P>
        <P Name="Dst">364#in:2</P>
      </Line>
      <Annotation SID="357">
        <P Name="Name">Sistema de Tanques Acoplados</P>
        <P Name="Position">[907, 335, 1087, 352]</P>
        <P Name="InternalMargins">[0, 0, 0, 0]</P>
        <P Name="FixedHeight">off</P>
        <P Name="FixedWidth">off</P>
        <P Name="ZOrder">-1</P>
        <P Name="FontName">Arial</P>
        <P Name="FontSize">12</P>
        <P Name="FontWeight">bold</P>
      </Annotation>
    </System>
  </Model>
</ModelInformation>
