<?xml version="1.0" encoding="utf-8"?>
<ModelInformation Version="1.0">
  <Model>
    <P Name="MdlSubVersion">1</P>
    <P Name="SavedCharacterEncoding">windows-1252</P>
    <Object PropName="HDLParams" ObjectID="1" ClassName="slprops.hdlmdlprops">
      <Array PropName="mdlProps" Type="Cell" Dimension="1*2">
        <Cell Class="char">HDLSubsystem</Cell>
        <Cell Class="char">untitled</Cell>
      </Array>
    </Object>
    <P Name="ScopeRefreshTime">0.035000</P>
    <P Name="OverrideScopeRefreshTime">on</P>
    <P Name="DisableAllScopes">off</P>
    <P Name="DataTypeOverride">UseLocalSettings</P>
    <P Name="DataTypeOverrideAppliesTo">AllNumericTypes</P>
    <P Name="MinMaxOverflowLogging">UseLocalSettings</P>
    <P Name="MinMaxOverflowArchiveMode">Overwrite</P>
    <P Name="FPTRunName">Run 1</P>
    <P Name="MaxMDLFileLineLength">120</P>
    <P Name="LastSavedArchitecture">win64</P>
    <Object PropName="BdWindowsInfo" ObjectID="2" ClassName="Simulink.BDWindowsInfo">
      <Object PropName="WindowsInfo" ObjectID="3" ClassName="Simulink.WindowInfo">
        <P Name="IsActive" Class="logical">1</P>
        <P Name="Location" Class="double">[604.0, 216.0, 800.0, 520.0]</P>
        <Object PropName="ModelBrowserInfo" ObjectID="4" ClassName="Simulink.ModelBrowserInfo">
          <P Name="Visible" Class="logical">0</P>
          <P Name="DockPosition" Class="char">Left</P>
          <P Name="Width" Class="int32">50</P>
          <P Name="Height" Class="int32">50</P>
          <P Name="Filter" Class="int32">9</P>
        </Object>
        <Object PropName="ExplorerBarInfo" ObjectID="5" ClassName="Simulink.ExplorerBarInfo">
          <P Name="Visible" Class="logical">1</P>
        </Object>
        <Object PropName="EditorsInfo" ObjectID="6" ClassName="Simulink.EditorInfo">
          <P Name="IsActive" Class="logical">1</P>
          <P Name="ViewObjType" Class="char">SimulinkTopLevel</P>
          <P Name="LoadSaveID" Class="char">0</P>
          <P Name="Extents" Class="double">[941.0, 440.0]</P>
          <P Name="ZoomFactor" Class="double">1.0</P>
          <P Name="Offset" Class="double">[0.0, 0.0]</P>
        </Object>
      </Object>
    </Object>
    <ConfigManagerSettings>
      <P Name="UpdateHistory">UpdateHistoryNever</P>
      <P Name="ModifiedByFormat">%&lt;Auto&gt;</P>
      <P Name="ModifiedDateFormat">%&lt;Auto&gt;</P>
      <P Name="RTWModifiedTimeStamp">576626064</P>
      <P Name="ModelVersionFormat">1.%&lt;AutoIncrement:18&gt;</P>
    </ConfigManagerSettings>
    <EditorSettings>
      <P Name="SampleTimeColors">off</P>
      <P Name="SampleTimeAnnotations">off</P>
      <P Name="LibraryLinkDisplay">disabled</P>
      <P Name="WideLines">off</P>
      <P Name="ShowLineDimensions">off</P>
      <P Name="ShowPortDataTypes">off</P>
      <P Name="ShowEditTimeErrors">on</P>
      <P Name="ShowEditTimeWarnings">off</P>
      <P Name="ShowEditTimeAdvisorChecks">off</P>
      <P Name="ShowPortUnits">off</P>
      <P Name="ShowDesignRanges">off</P>
      <P Name="ShowLoopsOnError">on</P>
      <P Name="IgnoreBidirectionalLines">off</P>
      <P Name="ShowStorageClass">off</P>
      <P Name="ShowTestPointIcons">on</P>
      <P Name="ShowSignalResolutionIcons">on</P>
      <P Name="ShowViewerIcons">on</P>
      <P Name="SortedOrder">off</P>
      <P Name="VariantCondition">off</P>
      <P Name="ExecutionContextIcon">off</P>
      <P Name="ShowLinearizationAnnotations">on</P>
      <P Name="ShowVisualizeInsertedRTB">on</P>
      <P Name="ShowMarkup">on</P>
      <P Name="BlockNameDataTip">off</P>
      <P Name="BlockParametersDataTip">off</P>
      <P Name="BlockDescriptionStringDataTip">off</P>
      <P Name="ToolBar">on</P>
      <P Name="StatusBar">on</P>
      <P Name="BrowserShowLibraryLinks">off</P>
      <P Name="FunctionConnectors">off</P>
      <P Name="BrowserLookUnderMasks">off</P>
    </EditorSettings>
    <SimulationSettings>
      <P Name="SimulationMode">normal</P>
      <P Name="PauseTimes">5</P>
      <P Name="NumberOfSteps">1</P>
      <P Name="SnapshotBufferSize">10</P>
      <P Name="SnapshotInterval">10</P>
      <P Name="NumberOfLastSnapshots">0</P>
      <P Name="LinearizationMsg">none</P>
      <P Name="Profile">off</P>
      <P Name="ParamWorkspaceSource">MATLABWorkspace</P>
      <P Name="AccelSystemTargetFile">accel.tlc</P>
      <P Name="AccelTemplateMakefile">accel_default_tmf</P>
      <P Name="AccelMakeCommand">make_rtw</P>
      <P Name="TryForcingSFcnDF">off</P>
      <Object PropName="DataLoggingOverride" ObjectID="7" ClassName="Simulink.SimulationData.ModelLoggingInfo">
        <P Name="model_" Class="char">factory_default_model</P>
        <P Name="overrideMode_" Class="uint32">0U</P>
        <Array PropName="logAsSpecifiedByModels_" Type="Cell" Dimension="1*1">
          <Cell Class="char">factory_default_model</Cell>
        </Array>
        <Array PropName="logAsSpecifiedByModelsSSIDs_" Type="Cell" Dimension="1*1">
          <Cell Class="double">[]</Cell>
        </Array>
      </Object>
    </SimulationSettings>
    <ExternalMode>
      <P Name="ExtModeBatchMode">off</P>
      <P Name="ExtModeEnableFloating">on</P>
      <P Name="ExtModeTrigType">manual</P>
      <P Name="ExtModeTrigMode">normal</P>
      <P Name="ExtModeTrigPort">1</P>
      <P Name="ExtModeTrigElement">any</P>
      <P Name="ExtModeTrigDuration">1000</P>
      <P Name="ExtModeTrigDurationFloating">auto</P>
      <P Name="ExtModeTrigHoldOff">0</P>
      <P Name="ExtModeTrigDelay">0</P>
      <P Name="ExtModeTrigDirection">rising</P>
      <P Name="ExtModeTrigLevel">0</P>
      <P Name="ExtModeArchiveMode">off</P>
      <P Name="ExtModeAutoIncOneShot">off</P>
      <P Name="ExtModeIncDirWhenArm">off</P>
      <P Name="ExtModeAddSuffixToVar">off</P>
      <P Name="ExtModeWriteAllDataToWs">off</P>
      <P Name="ExtModeArmWhenConnect">on</P>
      <P Name="ExtModeSkipDownloadWhenConnect">off</P>
      <P Name="ExtModeLogAll">on</P>
      <P Name="ExtModeAutoUpdateStatusClock">on</P>
    </ExternalMode>
    <ModelReferenceSettings>
      <P Name="ShowModelReferenceBlockVersion">off</P>
      <P Name="ShowModelReferenceBlockIO">off</P>
    </ModelReferenceSettings>
    <ConcurrentExecutionSettings>
      <Object PropName="DataTransfer" ObjectID="8" ClassName="Simulink.GlobalDataTransfer">
        <P Name="DefaultTransitionBetweenSyncTasks" Class="char">Ensure deterministic transfer (maximum delay)</P>
        <P Name="DefaultTransitionBetweenAsyncTasks" Class="char">Ensure data integrity only</P>
        <P Name="DefaultTransitionBetweenContTasks" Class="char">Ensure deterministic transfer (minimum delay)</P>
        <P Name="DefaultExtrapolationMethodBetweenContTasks" Class="char">None</P>
        <P Name="AutoInsertRateTranBlk" Class="logical">0</P>
      </Object>
      <P Name="ExplicitPartitioning">off</P>
    </ConcurrentExecutionSettings>
    <SystemDefaults>
      <P Name="PaperOrientation">landscape</P>
      <P Name="PaperPositionMode">auto</P>
      <P Name="PaperType">usletter</P>
      <P Name="PaperUnits">inches</P>
      <P Name="TiledPaperMargins">[0.500000, 0.500000, 0.500000, 0.500000]</P>
      <P Name="TiledPageScale">1</P>
      <P Name="ShowPageBoundaries">off</P>
      <P Name="ModelBrowserVisibility">off</P>
      <P Name="ModelBrowserWidth">200</P>
      <P Name="ScreenColor">white</P>
    </SystemDefaults>
    <BlockDefaults>
      <P Name="ForegroundColor">black</P>
      <P Name="BackgroundColor">white</P>
      <P Name="DropShadow">off</P>
      <P Name="NamePlacement">normal</P>
      <P Name="FontName">Helvetica</P>
      <P Name="FontSize">10</P>
      <P Name="FontWeight">normal</P>
      <P Name="FontAngle">normal</P>
      <P Name="ShowName">on</P>
      <P Name="BlockRotation">0</P>
      <P Name="BlockMirror">off</P>
    </BlockDefaults>
    <AnnotationDefaults>
      <P Name="HorizontalAlignment">center</P>
      <P Name="VerticalAlignment">middle</P>
      <P Name="ForegroundColor">black</P>
      <P Name="BackgroundColor">white</P>
      <P Name="DropShadow">off</P>
      <P Name="FontName">Helvetica</P>
      <P Name="FontSize">10</P>
      <P Name="FontWeight">normal</P>
      <P Name="FontAngle">normal</P>
      <P Name="UseDisplayTextAsClickCallback">off</P>
    </AnnotationDefaults>
    <LineDefaults>
      <P Name="FontName">Helvetica</P>
      <P Name="FontSize">9</P>
      <P Name="FontWeight">normal</P>
      <P Name="FontAngle">normal</P>
    </LineDefaults>
    <MaskDefaults>
      <P Name="SelfModifiable">off</P>
      <P Name="IconFrame">on</P>
      <P Name="IconOpaque">opaque</P>
      <P Name="RunInitForIconRedraw">off</P>
      <P Name="IconRotate">none</P>
      <P Name="PortRotate">default</P>
      <P Name="IconUnits">autoscale</P>
    </MaskDefaults>
    <MaskParameterDefaults>
      <P Name="Evaluate">on</P>
      <P Name="Tunable">on</P>
      <P Name="NeverSave">off</P>
      <P Name="Internal">off</P>
      <P Name="ReadOnly">off</P>
      <P Name="Enabled">on</P>
      <P Name="Visible">on</P>
      <P Name="ToolTip">on</P>
    </MaskParameterDefaults>
    <BlockParameterDefaults>
      <Block BlockType="Demux">
        <P Name="Outputs">4</P>
        <P Name="DisplayOption">none</P>
        <P Name="BusSelectionMode">off</P>
      </Block>
      <Block BlockType="Inport">
        <P Name="Port">1</P>
        <P Name="OutputFunctionCall">off</P>
        <P Name="OutMin">[]</P>
        <P Name="OutMax">[]</P>
        <P Name="OutDataTypeStr">Inherit: auto</P>
        <P Name="LockScale">off</P>
        <P Name="BusOutputAsStruct">off</P>
        <P Name="Unit">inherit</P>
        <P Name="PortDimensions">-1</P>
        <P Name="VarSizeSig">Inherit</P>
        <P Name="SampleTime">-1</P>
        <P Name="SignalType">auto</P>
        <P Name="SamplingMode">auto</P>
        <P Name="LatchByDelayingOutsideSignal">off</P>
        <P Name="LatchInputForFeedbackSignals">off</P>
        <P Name="Interpolate">on</P>
      </Block>
      <Block BlockType="Outport">
        <P Name="Port">1</P>
        <P Name="OutMin">[]</P>
        <P Name="OutMax">[]</P>
        <P Name="OutDataTypeStr">Inherit: auto</P>
        <P Name="LockScale">off</P>
        <P Name="BusOutputAsStruct">off</P>
        <P Name="Unit">inherit</P>
        <P Name="PortDimensions">-1</P>
        <P Name="VarSizeSig">Inherit</P>
        <P Name="SampleTime">-1</P>
        <P Name="SignalType">auto</P>
        <P Name="SamplingMode">auto</P>
        <P Name="SourceOfInitialOutputValue">Dialog</P>
        <P Name="OutputWhenDisabled">held</P>
        <P Name="InitialOutput">[]</P>
      </Block>
      <Block BlockType="S-Function">
        <P Name="FunctionName">system</P>
        <P Name="SFunctionModules">&apos;&apos;</P>
        <P Name="PortCounts">[]</P>
      </Block>
      <Block BlockType="Scope">
        <P Name="DefaultConfigurationName">Simulink.scopes.TimeScopeBlockCfg</P>
        <P Name="NumInputPorts">1</P>
        <P Name="Floating">off</P>
      </Block>
      <Block BlockType="Step">
        <P Name="Time">1</P>
        <P Name="Before">0</P>
        <P Name="After">1</P>
        <P Name="SampleTime">-1</P>
        <P Name="VectorParams1D">on</P>
        <P Name="ZeroCross">on</P>
      </Block>
      <Block BlockType="SubSystem">
        <P Name="ShowPortLabels">FromPortIcon</P>
        <P Name="Permissions">ReadWrite</P>
        <P Name="PermitHierarchicalResolution">All</P>
        <P Name="TreatAsAtomicUnit">off</P>
        <P Name="MinAlgLoopOccurrences">off</P>
        <P Name="PropExecContextOutsideSubsystem">off</P>
        <P Name="CheckFcnCallInpInsideContextMsg">off</P>
        <P Name="SystemSampleTime">-1</P>
        <P Name="RTWSystemCode">Auto</P>
        <P Name="RTWFcnNameOpts">Auto</P>
        <P Name="RTWFileNameOpts">Auto</P>
        <P Name="FunctionInterfaceSpec">void_void</P>
        <P Name="FunctionWithSeparateData">off</P>
        <P Name="RTWMemSecFuncInitTerm">Inherit from model</P>
        <P Name="RTWMemSecFuncExecute">Inherit from model</P>
        <P Name="RTWMemSecDataConstants">Inherit from model</P>
        <P Name="RTWMemSecDataInternal">Inherit from model</P>
        <P Name="RTWMemSecDataParameters">Inherit from model</P>
        <P Name="SimViewingDevice">off</P>
        <P Name="DataTypeOverride">UseLocalSettings</P>
        <P Name="DataTypeOverrideAppliesTo">AllNumericTypes</P>
        <P Name="MinMaxOverflowLogging">UseLocalSettings</P>
        <P Name="Opaque">off</P>
        <P Name="MaskHideContents">off</P>
        <P Name="SFBlockType">NONE</P>
        <P Name="GeneratePreprocessorConditionals">off</P>
        <P Name="TreatAsGroupedWhenPropagatingVariantConditions">on</P>
        <P Name="ContentPreviewEnabled">off</P>
        <P Name="IsWebBlock">off</P>
      </Block>
      <Block BlockType="Sum">
        <P Name="IconShape">rectangular</P>
        <P Name="Inputs">++</P>
        <P Name="CollapseMode">All dimensions</P>
        <P Name="CollapseDim">1</P>
        <P Name="InputSameDT">on</P>
        <P Name="AccumDataTypeStr">Inherit: Inherit via internal rule</P>
        <P Name="OutMin">[]</P>
        <P Name="OutMax">[]</P>
        <P Name="OutDataTypeStr">Inherit: Same as first input</P>
        <P Name="LockScale">off</P>
        <P Name="RndMeth">Floor</P>
        <P Name="SaturateOnIntegerOverflow">on</P>
        <P Name="SampleTime">-1</P>
      </Block>
      <Block BlockType="Terminator">
      </Block>
      <Block BlockType="TransferFcn">
        <P Name="Numerator">[1]</P>
        <P Name="Denominator">[1 2 1]</P>
        <P Name="AbsoluteTolerance">auto</P>
        <P Name="ContinuousStateAttributes">&apos;&apos;</P>
        <P Name="Realization">auto</P>
      </Block>
      <Block BlockType="UnitDelay">
        <P Name="InitialCondition">0</P>
        <P Name="InputProcessing">Inherited</P>
        <P Name="SampleTime">1</P>
        <P Name="StateMustResolveToSignalObject">off</P>
        <P Name="CodeGenStateStorageClass">Auto</P>
        <P Name="HasFrameUpgradeWarning">on</P>
      </Block>
    </BlockParameterDefaults>
    <System>
      <P Name="Location">[604, 216, 1404, 736]</P>
      <P Name="Open">on</P>
      <P Name="TiledPaperMargins">[0.500000, 0.500000, 0.500000, 0.500000]</P>
      <P Name="ZoomFactor">100</P>
      <P Name="ReportName">simulink-default.rpt</P>
      <P Name="SIDHighWatermark">7</P>
      <Block BlockType="SubSystem" Name="MATLAB Function" SID="2">
        <P Name="Ports">[3, 2]</P>
        <P Name="Position">[275, 60, 345, 110]</P>
        <P Name="ZOrder">2</P>
        <P Name="LibraryVersion">1.32</P>
        <P Name="ErrorFcn">Stateflow.Translate.translate</P>
        <P Name="PermitHierarchicalResolution">ExplicitOnly</P>
        <P Name="TreatAsAtomicUnit">on</P>
        <P Name="RequestExecContextInheritance">off</P>
        <P Name="SFBlockType">MATLAB Function</P>
        <P Name="Variant">off</P>
        <System>
          <P Name="Location">[223, 338, 826, 833]</P>
          <P Name="Open">off</P>
          <P Name="TiledPaperMargins">[0.500000, 0.500000, 0.500000, 0.500000]</P>
          <P Name="ZoomFactor">100</P>
          <P Name="SIDHighWatermark">23</P>
          <Block BlockType="Inport" Name="e" SID="2::1">
            <P Name="Position">[20, 101, 40, 119]</P>
            <P Name="ZOrder">-1</P>
            <P Name="IconDisplay">Port number</P>
          </Block>
          <Block BlockType="Inport" Name="eant" SID="2::20">
            <P Name="Position">[20, 136, 40, 154]</P>
            <P Name="ZOrder">11</P>
            <P Name="Port">2</P>
            <P Name="IconDisplay">Port number</P>
          </Block>
          <Block BlockType="Inport" Name="Iant" SID="2::22">
            <P Name="Position">[20, 171, 40, 189]</P>
            <P Name="ZOrder">13</P>
            <P Name="Port">3</P>
            <P Name="IconDisplay">Port number</P>
          </Block>
          <Block BlockType="Demux" Name=" Demux " SID="2::17">
            <P Name="Ports">[1, 1]</P>
            <P Name="Position">[270, 230, 320, 270]</P>
            <P Name="ZOrder">8</P>
            <P Name="Outputs">1</P>
          </Block>
          <Block BlockType="S-Function" Name=" SFunction " SID="2::16">
            <P Name="Tag">Stateflow S-Function untitled 2</P>
            <P Name="Ports">[3, 3]</P>
            <P Name="Position">[180, 105, 230, 185]</P>
            <P Name="ZOrder">7</P>
            <P Name="FunctionName">sf_sfun</P>
            <P Name="PortCounts">[3 3]</P>
            <P Name="SFunctionDeploymentMode">off</P>
            <P Name="EnableBusSupport">on</P>
            <Port>
              <P Name="PortNumber">2</P>
              <P Name="Name">u</P>
              <P Name="RTWStorageClass">Auto</P>
              <P Name="DataLoggingNameMode">SignalName</P>
            </Port>
            <Port>
              <P Name="PortNumber">3</P>
              <P Name="Name">I</P>
              <P Name="RTWStorageClass">Auto</P>
              <P Name="DataLoggingNameMode">SignalName</P>
            </Port>
          </Block>
          <Block BlockType="Terminator" Name=" Terminator " SID="2::18">
            <P Name="Position">[460, 241, 480, 259]</P>
            <P Name="ZOrder">9</P>
          </Block>
          <Block BlockType="Outport" Name="u" SID="2::5">
            <P Name="Position">[460, 101, 480, 119]</P>
            <P Name="ZOrder">-5</P>
            <P Name="IconDisplay">Port number</P>
          </Block>
          <Block BlockType="Outport" Name="I" SID="2::23">
            <P Name="Position">[460, 136, 480, 154]</P>
            <P Name="ZOrder">14</P>
            <P Name="Port">2</P>
            <P Name="IconDisplay">Port number</P>
          </Block>
          <Line>
            <P Name="ZOrder">54</P>
            <P Name="Src">2::1#out:1</P>
            <P Name="Dst">2::16#in:1</P>
          </Line>
          <Line>
            <P Name="ZOrder">55</P>
            <P Name="Src">2::20#out:1</P>
            <P Name="Dst">2::16#in:2</P>
          </Line>
          <Line>
            <P Name="ZOrder">56</P>
            <P Name="Src">2::22#out:1</P>
            <P Name="Dst">2::16#in:3</P>
          </Line>
          <Line>
            <P Name="Name">u</P>
            <P Name="ZOrder">57</P>
            <P Name="Labels">[0, 0]</P>
            <P Name="Src">2::16#out:2</P>
            <P Name="Dst">2::5#in:1</P>
          </Line>
          <Line>
            <P Name="Name">I</P>
            <P Name="ZOrder">58</P>
            <P Name="Labels">[0, 0]</P>
            <P Name="Src">2::16#out:3</P>
            <P Name="Dst">2::23#in:1</P>
          </Line>
          <Line>
            <P Name="ZOrder">59</P>
            <P Name="Src">2::17#out:1</P>
            <P Name="Dst">2::18#in:1</P>
          </Line>
          <Line>
            <P Name="ZOrder">60</P>
            <P Name="Src">2::16#out:1</P>
            <P Name="Dst">2::17#in:1</P>
          </Line>
        </System>
      </Block>
      <Block BlockType="Scope" Name="Scope" SID="4">
        <P Name="Ports">[1]</P>
        <P Name="Position">[640, 84, 670, 116]</P>
        <P Name="ZOrder">4</P>
        <P Name="ScopeSpecificationString">Simulink.scopes.TimeScopeBlockCfg(&apos;CurrentConfiguration&apos;, extmgr.ConfigurationSet(extmgr.Configuration(&apos;Core&apos;,&apos;General UI&apos;,true),extmgr.Configuration(&apos;Core&apos;,&apos;Source UI&apos;,true),extmgr.Configuration(&apos;Sources&apos;,&apos;WiredSimulink&apos;,true),extmgr.Configuration(&apos;Visuals&apos;,&apos;Time Domain&apos;,true,&apos;SerializedDisplays&apos;,{struct(&apos;MinYLimReal&apos;,&apos;-0.14767&apos;,&apos;MaxYLimReal&apos;,&apos;1.32902&apos;,&apos;YLabelReal&apos;,&apos;&apos;,&apos;MinYLimMag&apos;,&apos;0.00000&apos;,&apos;MaxYLimMag&apos;,&apos;1.32902&apos;,&apos;LegendVisibility&apos;,&apos;off&apos;,&apos;XGrid&apos;,true,&apos;YGrid&apos;,true,&apos;PlotMagPhase&apos;,false,&apos;AxesColor&apos;,[0 0 0],&apos;AxesTickColor&apos;,[0.686274509803922 0.686274509803922 0.686274509803922],&apos;ColorOrder&apos;,[1 1 0.0666666666666667;0.0745098039215686 0.623529411764706 1;1 0.411764705882353 0.16078431372549;0.392156862745098 0.831372549019608 0.0745098039215686;0.717647058823529 0.274509803921569 1;0.0588235294117647 1 1;1 0.0745098039215686 0.650980392156863],&apos;Title&apos;,&apos;%&lt;SignalLabel&gt;&apos;,&apos;LinePropertiesCache&apos;,{{}},&apos;UserDefinedChannelNames&apos;,{{}},&apos;NumLines&apos;,1,&apos;LineNames&apos;,{{&apos;Transfer Fcn&apos;}},&apos;ShowContent&apos;,true,&apos;Placement&apos;,1)},&apos;DisplayPropertyDefaults&apos;,struct(&apos;MinYLimReal&apos;,&apos;-0.14767&apos;,&apos;MaxYLimReal&apos;,&apos;1.32902&apos;,&apos;YLabelReal&apos;,&apos;&apos;,&apos;MinYLimMag&apos;,&apos;0.00000&apos;,&apos;MaxYLimMag&apos;,&apos;1.32902&apos;,&apos;LegendVisibility&apos;,&apos;off&apos;,&apos;XGrid&apos;,true,&apos;YGrid&apos;,true,&apos;PlotMagPhase&apos;,false,&apos;AxesColor&apos;,[0 0 0],&apos;AxesTickColor&apos;,[0.686274509803922 0.686274509803922 0.686274509803922],&apos;ColorOrder&apos;,[0.0745098039215686 0.623529411764706 1;1 0.411764705882353 0.16078431372549;1 1 0.0666666666666667;0.717647058823529 0.274509803921569 1;0.392156862745098 0.831372549019608 0.0745098039215686;0.0588235294117647 1 1;1 0.0745098039215686 0.650980392156863])),extmgr.Configuration(&apos;Tools&apos;,&apos;Plot Navigation&apos;,true),extmgr.Configuration(&apos;Tools&apos;,&apos;Measurements&apos;,true,&apos;Version&apos;,&apos;2016a&apos;)),&apos;Version&apos;,&apos;2016a&apos;,&apos;Position&apos;,[752.2 195.4 560 420])</P>
      </Block>
      <Block BlockType="Step" Name="Step" SID="5">
        <P Name="Position">[40, 90, 70, 120]</P>
        <P Name="ZOrder">5</P>
        <P Name="Time">0</P>
        <P Name="After">2</P>
        <P Name="SampleTime">0</P>
      </Block>
      <Block BlockType="Sum" Name="Sum" SID="3">
        <P Name="Ports">[2, 1]</P>
        <P Name="Position">[130, 85, 150, 105]</P>
        <P Name="ZOrder">3</P>
        <P Name="ShowName">off</P>
        <P Name="IconShape">round</P>
        <P Name="Inputs">|+-</P>
        <P Name="InputSameDT">off</P>
        <P Name="OutDataTypeStr">Inherit: Inherit via internal rule</P>
        <P Name="SaturateOnIntegerOverflow">off</P>
      </Block>
      <Block BlockType="TransferFcn" Name="Transfer Fcn" SID="1">
        <P Name="Position">[510, 82, 570, 118]</P>
        <P Name="ZOrder">1</P>
        <P Name="Denominator">conv([1 8],[1 2])</P>
      </Block>
      <Block BlockType="UnitDelay" Name="Unit Delay" SID="6">
        <P Name="Position">[175, 158, 210, 192]</P>
        <P Name="ZOrder">6</P>
        <P Name="InputProcessing">Elements as channels (sample based)</P>
        <P Name="SampleTime">0.1</P>
      </Block>
      <Block BlockType="UnitDelay" Name="Unit Delay1" SID="7">
        <P Name="Position">[390, 148, 425, 182]</P>
        <P Name="ZOrder">7</P>
        <P Name="BlockMirror">on</P>
        <P Name="InputProcessing">Elements as channels (sample based)</P>
        <P Name="SampleTime">0.1</P>
      </Block>
      <Line>
        <P Name="ZOrder">1</P>
        <P Name="Src">2#out:1</P>
        <P Name="Points">[78, 0; 0, 25]</P>
        <P Name="Dst">1#in:1</P>
      </Line>
      <Line>
        <P Name="ZOrder">2</P>
        <P Name="Src">1#out:1</P>
        <P Name="Points">[26, 0]</P>
        <Branch>
          <P Name="ZOrder">5</P>
          <P Name="Points">[0, 121; -461, 0]</P>
          <P Name="Dst">3#in:2</P>
        </Branch>
        <Branch>
          <P Name="ZOrder">3</P>
          <P Name="Dst">4#in:1</P>
        </Branch>
      </Line>
      <Line>
        <P Name="ZOrder">7</P>
        <P Name="Src">5#out:1</P>
        <P Name="Points">[20, 0; 0, -10]</P>
        <P Name="Dst">3#in:1</P>
      </Line>
      <Line>
        <P Name="ZOrder">6</P>
        <P Name="Src">3#out:1</P>
        <P Name="Points">[53, 0; 0, -25; 22, 0]</P>
        <Branch>
          <P Name="ZOrder">10</P>
          <P Name="Points">[0, 49; -70, 0]</P>
          <P Name="Dst">6#in:1</P>
        </Branch>
        <Branch>
          <P Name="ZOrder">9</P>
          <P Name="Dst">2#in:1</P>
        </Branch>
      </Line>
      <Line>
        <P Name="ZOrder">11</P>
        <P Name="Src">6#out:1</P>
        <P Name="Points">[15, 0; 0, -11; 26, 0; 0, -79]</P>
        <P Name="Dst">2#in:2</P>
      </Line>
      <Line>
        <P Name="FontName">Helvetica</P>
        <P Name="FontSize">9</P>
        <P Name="FontWeight">normal</P>
        <P Name="FontAngle">normal</P>
        <P Name="ZOrder">12</P>
        <P Name="Src">2#out:2</P>
        <P Name="Points">[38, 0; 0, 25; 51, 0; 0, 40]</P>
        <P Name="Dst">7#in:1</P>
      </Line>
      <Line>
        <P Name="ZOrder">13</P>
        <P Name="Src">7#out:1</P>
        <P Name="Points">[-62, 0; 0, 10; -74, 0; 0, -75]</P>
        <P Name="Dst">2#in:3</P>
      </Line>
    </System>
  </Model>
</ModelInformation>
