<?xml version="1.0" encoding="utf-8"?>
<ModelInformation Version="1.0">
  <Model>
    <P Name="SavedCharacterEncoding">windows-1252</P>
    <P Name="PostLoadFcn">qc_set_target_type(getConfigSet(bdroot, &apos;QUARC Default Target Configuration&apos;));</P>
    <P Name="ScopeRefreshTime">0.035000</P>
    <P Name="OverrideScopeRefreshTime">on</P>
    <P Name="DisableAllScopes">off</P>
    <P Name="DataTypeOverride">UseLocalSettings</P>
    <P Name="DataTypeOverrideAppliesTo">AllNumericTypes</P>
    <P Name="MinMaxOverflowLogging">UseLocalSettings</P>
    <P Name="MinMaxOverflowArchiveMode">Overwrite</P>
    <P Name="FPTRunName">Run 1</P>
    <P Name="MaxMDLFileLineLength">120</P>
    <P Name="UserBdParams">CheckForProblematicBlocks</P>
    <Object PropName="BdWindowsInfo" ObjectID="1" ClassName="Simulink.BDWindowsInfo">
      <Object PropName="WindowsInfo" ObjectID="2" ClassName="Simulink.WindowInfo">
        <P Name="IsActive" Class="logical">1</P>
        <P Name="Location" Class="double">[0.0, 0.0, 960.0, 1040.0]</P>
        <Object PropName="ModelBrowserInfo" ObjectID="3" ClassName="Simulink.ModelBrowserInfo">
          <P Name="Visible" Class="logical">0</P>
          <P Name="DockPosition" Class="char">Left</P>
          <P Name="Width" Class="int32">50</P>
          <P Name="Height" Class="int32">50</P>
          <P Name="Filter" Class="int32">9</P>
        </Object>
        <Object PropName="ExplorerBarInfo" ObjectID="4" ClassName="Simulink.ExplorerBarInfo">
          <P Name="Visible" Class="logical">1</P>
        </Object>
        <Object PropName="EditorsInfo" ObjectID="5" ClassName="Simulink.EditorInfo">
          <P Name="IsActive" Class="logical">1</P>
          <P Name="ViewObjType" Class="char">SimulinkTopLevel</P>
          <P Name="LoadSaveID" Class="char">0</P>
          <P Name="Extents" Class="double">[910.0, 866.0]</P>
          <P Name="ZoomFactor" Class="double">1.5</P>
          <P Name="Offset" Class="double">[1201.5017564402813, 77.030405932864952]</P>
        </Object>
      </Object>
    </Object>
    <UserParameters>
      <P Name="CheckForProblematicBlocks">on</P>
    </UserParameters>
    <ConfigManagerSettings>
      <P Name="UpdateHistory">UpdateHistoryNever</P>
      <P Name="ModifiedByFormat">%&lt;Auto&gt;</P>
      <P Name="ModifiedDateFormat">%&lt;Auto&gt;</P>
      <P Name="RTWModifiedTimeStamp">573737830</P>
      <P Name="ModelVersionFormat">1.%&lt;AutoIncrement:303&gt;</P>
    </ConfigManagerSettings>
    <EditorSettings>
      <P Name="SampleTimeColors">off</P>
      <P Name="SampleTimeAnnotations">off</P>
      <P Name="LibraryLinkDisplay">none</P>
      <P Name="WideLines">off</P>
      <P Name="ShowLineDimensions">off</P>
      <P Name="ShowPortDataTypes">off</P>
      <P Name="ShowDesignRanges">off</P>
      <P Name="ShowLoopsOnError">on</P>
      <P Name="IgnoreBidirectionalLines">off</P>
      <P Name="ShowStorageClass">off</P>
      <P Name="ShowTestPointIcons">on</P>
      <P Name="ShowSignalResolutionIcons">on</P>
      <P Name="ShowViewerIcons">on</P>
      <P Name="SortedOrder">off</P>
      <P Name="ExecutionContextIcon">off</P>
      <P Name="ShowLinearizationAnnotations">on</P>
      <P Name="ShowVisualizeInsertedRTB">on</P>
      <P Name="ShowMarkup">on</P>
      <P Name="BlockNameDataTip">off</P>
      <P Name="BlockParametersDataTip">off</P>
      <P Name="BlockDescriptionStringDataTip">off</P>
      <P Name="ToolBar">on</P>
      <P Name="StatusBar">on</P>
      <P Name="BrowserShowLibraryLinks">off</P>
      <P Name="BrowserLookUnderMasks">off</P>
    </EditorSettings>
    <SimulationSettings>
      <P Name="SimulationMode">external</P>
      <P Name="PauseTimes">5</P>
      <P Name="NumberOfSteps">1</P>
      <P Name="SnapshotBufferSize">10</P>
      <P Name="SnapshotInterval">10</P>
      <P Name="NumberOfLastSnapshots">0</P>
      <P Name="LinearizationMsg">none</P>
      <P Name="Profile">off</P>
      <P Name="ParamWorkspaceSource">MATLABWorkspace</P>
      <P Name="AccelSystemTargetFile">accel.tlc</P>
      <P Name="AccelTemplateMakefile">accel_default_tmf</P>
      <P Name="AccelMakeCommand">make_rtw</P>
      <P Name="TryForcingSFcnDF">off</P>
      <Object PropName="DataLoggingOverride" ObjectID="6" ClassName="Simulink.SimulationData.ModelLoggingInfo">
        <P Name="model_" Class="char">coupled_tanks</P>
        <Array PropName="logAsSpecifiedByModels_" Type="Cell" Dimension="1*1">
          <Cell Class="char">coupled_tanks</Cell>
        </Array>
        <Array PropName="logAsSpecifiedByModelsSSIDs_" Type="Cell" Dimension="1*1">
          <Cell Class="char"></Cell>
        </Array>
      </Object>
    </SimulationSettings>
    <ExternalMode>
      <P Name="ExtModeBatchMode">off</P>
      <P Name="ExtModeEnableFloating">on</P>
      <P Name="ExtModeTrigType">manual</P>
      <P Name="ExtModeTrigMode">normal</P>
      <P Name="ExtModeTrigPort">1</P>
      <P Name="ExtModeTrigElement">any</P>
      <P Name="ExtModeTrigDuration">30000</P>
      <P Name="ExtModeTrigDurationFloating">auto</P>
      <P Name="ExtModeTrigHoldOff">0</P>
      <P Name="ExtModeTrigDelay">0</P>
      <P Name="ExtModeTrigDirection">rising</P>
      <P Name="ExtModeTrigLevel">0</P>
      <P Name="ExtModeArchiveMode">off</P>
      <P Name="ExtModeAutoIncOneShot">off</P>
      <P Name="ExtModeIncDirWhenArm">off</P>
      <P Name="ExtModeAddSuffixToVar">off</P>
      <P Name="ExtModeWriteAllDataToWs">off</P>
      <P Name="ExtModeArmWhenConnect">on</P>
      <P Name="ExtModeSkipDownloadWhenConnect">off</P>
      <P Name="ExtModeLogAll">on</P>
      <P Name="ExtModeAutoUpdateStatusClock">on</P>
    </ExternalMode>
    <ModelReferenceSettings>
      <P Name="ShowModelReferenceBlockVersion">off</P>
      <P Name="ShowModelReferenceBlockIO">off</P>
    </ModelReferenceSettings>
    <ConcurrentExecutionSettings>
      <Object PropName="DataTransfer" ObjectID="7" ClassName="Simulink.GlobalDataTransfer">
        <P Name="DefaultTransitionBetweenSyncTasks" Class="char">Ensure deterministic transfer (maximum delay)</P>
        <P Name="DefaultTransitionBetweenAsyncTasks" Class="char">Ensure data integrity only</P>
        <P Name="DefaultTransitionBetweenContTasks" Class="char">Ensure deterministic transfer (minimum delay)</P>
        <P Name="DefaultExtrapolationMethodBetweenContTasks" Class="char">None</P>
        <P Name="AutoInsertRateTranBlk" Class="logical">0</P>
      </Object>
      <P Name="ExplicitPartitioning">off</P>
    </ConcurrentExecutionSettings>
    <SystemDefaults>
      <P Name="PaperOrientation">landscape</P>
      <P Name="PaperPositionMode">auto</P>
      <P Name="PaperType">usletter</P>
      <P Name="PaperUnits">inches</P>
      <P Name="TiledPaperMargins">[0.500000, 0.500000, 0.500000, 0.500000]</P>
      <P Name="TiledPageScale">1</P>
      <P Name="ShowPageBoundaries">off</P>
      <P Name="ModelBrowserVisibility">off</P>
      <P Name="ModelBrowserWidth">200</P>
      <P Name="ScreenColor">white</P>
    </SystemDefaults>
    <BlockDefaults>
      <P Name="ForegroundColor">black</P>
      <P Name="BackgroundColor">white</P>
      <P Name="DropShadow">off</P>
      <P Name="NamePlacement">normal</P>
      <P Name="FontName">Helvetica</P>
      <P Name="FontSize">10</P>
      <P Name="FontWeight">normal</P>
      <P Name="FontAngle">normal</P>
      <P Name="ShowName">on</P>
      <P Name="BlockRotation">0</P>
      <P Name="BlockMirror">off</P>
    </BlockDefaults>
    <AnnotationDefaults>
      <P Name="HorizontalAlignment">center</P>
      <P Name="VerticalAlignment">middle</P>
      <P Name="ForegroundColor">black</P>
      <P Name="BackgroundColor">white</P>
      <P Name="DropShadow">off</P>
      <P Name="FontName">Helvetica</P>
      <P Name="FontSize">10</P>
      <P Name="FontWeight">normal</P>
      <P Name="FontAngle">normal</P>
      <P Name="UseDisplayTextAsClickCallback">off</P>
    </AnnotationDefaults>
    <LineDefaults>
      <P Name="FontName">Helvetica</P>
      <P Name="FontSize">9</P>
      <P Name="FontWeight">normal</P>
      <P Name="FontAngle">normal</P>
    </LineDefaults>
    <MaskDefaults>
      <P Name="SelfModifiable">off</P>
      <P Name="IconFrame">on</P>
      <P Name="IconOpaque">on</P>
      <P Name="RunInitForIconRedraw">off</P>
      <P Name="IconRotate">none</P>
      <P Name="PortRotate">default</P>
      <P Name="IconUnits">autoscale</P>
    </MaskDefaults>
    <MaskParameterDefaults>
      <P Name="Evaluate">on</P>
      <P Name="Tunable">on</P>
      <P Name="NeverSave">off</P>
      <P Name="Internal">off</P>
      <P Name="ReadOnly">off</P>
      <P Name="Enabled">on</P>
      <P Name="Visible">on</P>
      <P Name="ToolTip">on</P>
    </MaskParameterDefaults>
    <BlockParameterDefaults>
      <Block BlockType="Clock">
        <P Name="DisplayTime">off</P>
        <P Name="Decimation">10</P>
      </Block>
      <Block BlockType="Constant">
        <P Name="Value">1</P>
        <P Name="VectorParams1D">on</P>
        <P Name="SamplingMode">Sample based</P>
        <P Name="OutMin">[]</P>
        <P Name="OutMax">[]</P>
        <P Name="OutDataTypeStr">Inherit: Inherit from &apos;Constant value&apos;</P>
        <P Name="LockScale">off</P>
        <P Name="SampleTime">inf</P>
        <P Name="FramePeriod">inf</P>
        <P Name="PreserveConstantTs">off</P>
      </Block>
      <Block BlockType="Display">
        <P Name="Format">short</P>
        <P Name="Decimation">10</P>
        <P Name="Floating">off</P>
        <P Name="Lockdown">off</P>
        <P Name="SampleTime">-1</P>
      </Block>
      <Block BlockType="Gain">
        <P Name="Gain">1</P>
        <P Name="Multiplication">Element-wise(K.*u)</P>
        <P Name="ParamMin">[]</P>
        <P Name="ParamMax">[]</P>
        <P Name="ParamDataTypeStr">Inherit: Same as input</P>
        <P Name="OutMin">[]</P>
        <P Name="OutMax">[]</P>
        <P Name="OutDataTypeStr">Inherit: Same as input</P>
        <P Name="LockScale">off</P>
        <P Name="RndMeth">Floor</P>
        <P Name="SaturateOnIntegerOverflow">on</P>
        <P Name="SampleTime">-1</P>
      </Block>
      <Block BlockType="Inport">
        <P Name="Port">1</P>
        <P Name="OutputFunctionCall">off</P>
        <P Name="OutMin">[]</P>
        <P Name="OutMax">[]</P>
        <P Name="OutDataTypeStr">Inherit: auto</P>
        <P Name="LockScale">off</P>
        <P Name="BusOutputAsStruct">off</P>
        <P Name="PortDimensions">-1</P>
        <P Name="VarSizeSig">Inherit</P>
        <P Name="SampleTime">-1</P>
        <P Name="SignalType">auto</P>
        <P Name="SamplingMode">auto</P>
        <P Name="LatchByDelayingOutsideSignal">off</P>
        <P Name="LatchInputForFeedbackSignals">off</P>
        <P Name="Interpolate">on</P>
      </Block>
      <Block BlockType="Outport">
        <P Name="Port">1</P>
        <P Name="OutMin">[]</P>
        <P Name="OutMax">[]</P>
        <P Name="OutDataTypeStr">Inherit: auto</P>
        <P Name="LockScale">off</P>
        <P Name="BusOutputAsStruct">off</P>
        <P Name="PortDimensions">-1</P>
        <P Name="VarSizeSig">Inherit</P>
        <P Name="SampleTime">-1</P>
        <P Name="SignalType">auto</P>
        <P Name="SamplingMode">auto</P>
        <P Name="SourceOfInitialOutputValue">Dialog</P>
        <P Name="OutputWhenDisabled">held</P>
        <P Name="InitialOutput">[]</P>
      </Block>
      <Block BlockType="Stop">
      </Block>
      <Block BlockType="SubSystem">
        <P Name="ShowPortLabels">FromPortIcon</P>
        <P Name="Permissions">ReadWrite</P>
        <P Name="PermitHierarchicalResolution">All</P>
        <P Name="TreatAsAtomicUnit">off</P>
        <P Name="MinAlgLoopOccurrences">off</P>
        <P Name="PropExecContextOutsideSubsystem">off</P>
        <P Name="CheckFcnCallInpInsideContextMsg">off</P>
        <P Name="SystemSampleTime">-1</P>
        <P Name="RTWSystemCode">Auto</P>
        <P Name="RTWFcnNameOpts">Auto</P>
        <P Name="RTWFileNameOpts">Auto</P>
        <P Name="FunctionInterfaceSpec">void_void</P>
        <P Name="FunctionWithSeparateData">off</P>
        <P Name="RTWMemSecFuncInitTerm">Inherit from model</P>
        <P Name="RTWMemSecFuncExecute">Inherit from model</P>
        <P Name="RTWMemSecDataConstants">Inherit from model</P>
        <P Name="RTWMemSecDataInternal">Inherit from model</P>
        <P Name="RTWMemSecDataParameters">Inherit from model</P>
        <P Name="SimViewingDevice">off</P>
        <P Name="DataTypeOverride">UseLocalSettings</P>
        <P Name="DataTypeOverrideAppliesTo">AllNumericTypes</P>
        <P Name="MinMaxOverflowLogging">UseLocalSettings</P>
        <P Name="Opaque">off</P>
        <P Name="MaskHideContents">off</P>
        <P Name="SFBlockType">NONE</P>
        <P Name="GeneratePreprocessorConditionals">off</P>
        <P Name="ContentPreviewEnabled">off</P>
        <P Name="IsWebBlock">off</P>
      </Block>
      <Block BlockType="Terminator">
      </Block>
    </BlockParameterDefaults>
    <System>
      <P Name="Location">[0, 0, 960, 1040]</P>
      <P Name="Open">on</P>
      <P Name="TiledPaperMargins">[0.500000, 0.500000, 0.500000, 0.500000]</P>
      <P Name="ZoomFactor">150</P>
      <P Name="ReportName">simulink-default.rpt</P>
      <P Name="SIDHighWatermark">186</P>
      <Block BlockType="Clock" Name="Clock" SID="180">
        <P Name="Position">[1315, 195, 1335, 215]</P>
        <P Name="ZOrder">6</P>
      </Block>
      <Block BlockType="Reference" Name="Compare&#xA;To Constant" SID="182">
        <P Name="Ports">[1, 1]</P>
        <P Name="Position">[1775, 165, 1805, 195]</P>
        <P Name="ZOrder">8</P>
        <P Name="LibraryVersion">1.358</P>
        <P Name="SourceBlock">simulink/Logic and Bit
Operations/Compare
To Constant</P>
        <P Name="SourceType">Compare To Constant</P>
        <InstanceData>
          <P Name="ContentPreviewEnabled">off</P>
          <P Name="relop">&gt;=</P>
          <P Name="const">25</P>
          <P Name="OutDataTypeStr">boolean</P>
          <P Name="ZeroCross">on</P>
        </InstanceData>
      </Block>
      <Block BlockType="Constant" Name="Constant" SID="175">
        <P Name="Position">[1410, 290, 1440, 320]</P>
        <P Name="ZOrder">1</P>
        <P Name="Value">4</P>
      </Block>
      <Block BlockType="Display" Name="Display1" SID="186">
        <P Name="Ports">[1]</P>
        <P Name="Position">[1850, 285, 1940, 315]</P>
        <P Name="ZOrder">12</P>
        <P Name="Decimation">1</P>
      </Block>
      <Block BlockType="Display" Name="Display2" SID="181">
        <P Name="Ports">[1]</P>
        <P Name="Position">[1380, 190, 1470, 220]</P>
        <P Name="ZOrder">7</P>
        <P Name="Decimation">1</P>
      </Block>
      <Block BlockType="SubSystem" Name="PLANTA" SID="99">
        <P Name="Ports">[1, 2]</P>
        <P Name="Position">[1505, 239, 1700, 366]</P>
        <P Name="ZOrder">-20</P>
        <P Name="BackgroundColor">green</P>
        <P Name="FontName">Arial</P>
        <P Name="FontSize">12</P>
        <P Name="FontWeight">bold</P>
        <P Name="RequestExecContextInheritance">off</P>
        <P Name="Variant">off</P>
        <System>
          <P Name="Location">[-8, -8, 1928, 1048]</P>
          <P Name="Open">off</P>
          <P Name="TiledPaperMargins">[0.500000, 0.500000, 0.500000, 0.500000]</P>
          <P Name="ZoomFactor">100</P>
          <Block BlockType="Inport" Name="Vp" SID="100">
            <P Name="Position">[20, 248, 50, 262]</P>
            <P Name="ZOrder">25</P>
            <P Name="IconDisplay">Port number</P>
          </Block>
          <Block BlockType="Reference" Name="HIL Initialize" SID="35">
            <P Name="Ports">[]</P>
            <P Name="Position">[360, 39, 444, 114]</P>
            <P Name="ZOrder">-2</P>
            <P Name="AttributesFormatString">%&lt;object_name&gt; (%&lt;board_type&gt;-%&lt;board_number&gt;)</P>
            <P Name="LibraryVersion">1.1573</P>
            <P Name="UserDataPersistent">on</P>
            <P Name="UserData" Ref="bdmxdata:UserData_35"></P>
            <P Name="SourceBlock">quarc_library/Data Acquisition/Generic/Configuration/HIL Initialize</P>
            <P Name="SourceType">HIL Initialize</P>
            <InstanceData>
              <P Name="object_name">HIL-1</P>
              <P Name="board_type">q8_usb</P>
              <P Name="board_number">0</P>
              <P Name="board_options">update_rate=normal;decimation=1</P>
              <P Name="exclusive">off</P>
              <P Name="active">off</P>
              <P Name="hardware_clocks">[0:2]</P>
              <P Name="clock_modes">[]</P>
              <P Name="initial_clock_frequencies">[]</P>
              <P Name="set_clock_params_at_start">off</P>
              <P Name="set_clock_params_at_switch_in">off</P>
              <P Name="set_clock_frequencies_at_start">off</P>
              <P Name="set_clock_frequencies_at_switch_in">off</P>
              <P Name="analog_input_channels">[0:7]</P>
              <P Name="analog_input_maximums">10</P>
              <P Name="analog_input_minimums">-10</P>
              <P Name="set_analog_input_params_at_start">on</P>
              <P Name="set_analog_input_params_at_switch_in">off</P>
              <P Name="analog_output_channels">[0:7]</P>
              <P Name="analog_output_maximums">10</P>
              <P Name="analog_output_minimums">-10</P>
              <P Name="initial_analog_outputs">[0]</P>
              <P Name="final_analog_outputs">[0]</P>
              <P Name="watchdog_analog_outputs">0</P>
              <P Name="set_analog_output_params_at_start">on</P>
              <P Name="set_analog_output_params_at_switch_in">off</P>
              <P Name="set_analog_outputs_at_start">on</P>
              <P Name="set_analog_outputs_at_switch_in">off</P>
              <P Name="set_analog_outputs_at_terminate">on</P>
              <P Name="set_analog_outputs_at_switch_out">off</P>
              <P Name="set_analog_outputs_on_watchdog">off</P>
              <P Name="digital_input_channels">[]</P>
              <P Name="digital_output_channels">[]</P>
              <P Name="digital_output_configuration">[]</P>
              <P Name="initial_digital_outputs">[1]</P>
              <P Name="final_digital_outputs">[1]</P>
              <P Name="watchdog_digital_outputs">[1]</P>
              <P Name="set_digital_output_params_at_start">off</P>
              <P Name="set_digital_output_params_at_switch_in">off</P>
              <P Name="set_digital_outputs_at_start">on</P>
              <P Name="set_digital_outputs_at_switch_in">off</P>
              <P Name="set_digital_outputs_at_terminate">on</P>
              <P Name="set_digital_outputs_at_switch_out">off</P>
              <P Name="set_digital_outputs_on_watchdog">off</P>
              <P Name="encoder_channels">[0:7]</P>
              <P Name="quadrature">[4]</P>
              <P Name="encoder_filter_frequency">[]</P>
              <P Name="initial_encoder_counts">[0]</P>
              <P Name="set_encoder_params_at_start">on</P>
              <P Name="set_encoder_params_at_switch_in">off</P>
              <P Name="set_encoder_counts_at_start">on</P>
              <P Name="set_encoder_counts_at_switch_in">off</P>
              <P Name="pwm_channels">[0:7]</P>
              <P Name="pwm_modes">0</P>
              <P Name="pwm_frequency">99.532799999999995e6/4095</P>
              <P Name="pwm_configuration">[0]</P>
              <P Name="pwm_alignment">[0]</P>
              <P Name="pwm_polarity">[1]</P>
              <P Name="pwm_leading_deadband">[0]</P>
              <P Name="pwm_trailing_deadband">[0]</P>
              <P Name="initial_pwm_outputs">[0]</P>
              <P Name="final_pwm_outputs">[0]</P>
              <P Name="watchdog_pwm_outputs">[0]</P>
              <P Name="set_pwm_params_at_start">on</P>
              <P Name="set_pwm_params_at_switch_in">off</P>
              <P Name="set_pwm_outputs_at_start">on</P>
              <P Name="set_pwm_outputs_at_switch_in">off</P>
              <P Name="set_pwm_outputs_at_terminate">on</P>
              <P Name="set_pwm_outputs_at_switch_out">off</P>
              <P Name="set_pwm_outputs_on_watchdog">off</P>
              <P Name="other_output_channels">[]</P>
              <P Name="initial_other_outputs">[]</P>
              <P Name="final_other_outputs">[]</P>
              <P Name="watchdog_other_outputs">[]</P>
              <P Name="set_other_outputs_at_start">off</P>
              <P Name="set_other_outputs_at_switch_in">off</P>
              <P Name="set_other_outputs_at_terminate">off</P>
              <P Name="set_other_outputs_at_switch_out">off</P>
              <P Name="set_other_outputs_on_watchdog">off</P>
            </InstanceData>
          </Block>
          <Block BlockType="Reference" Name="HIL Read Analog" SID="50">
            <P Name="Ports">[0, 2]</P>
            <P Name="Position">[500, 224, 585, 286]</P>
            <P Name="ZOrder">-12</P>
            <P Name="AttributesFormatString">(%&lt;object_name&gt;)</P>
            <P Name="LibraryVersion">1.1573</P>
            <P Name="UserDataPersistent">on</P>
            <P Name="UserData" Ref="bdmxdata:UserData_50"></P>
            <P Name="SourceBlock">quarc_library/Data Acquisition/Generic/Immediate I//O/HIL Read Analog</P>
            <P Name="SourceType">HIL Read Analog</P>
            <InstanceData>
              <P Name="object_name">HIL-1</P>
              <P Name="channels">[0:1]</P>
              <P Name="sample_time">qc_get_step_size</P>
              <P Name="active">on</P>
              <P Name="vector_output">off</P>
            </InstanceData>
          </Block>
          <Block BlockType="Reference" Name="HIL Write Analog" SID="36">
            <P Name="Ports">[1]</P>
            <P Name="Position">[245, 224, 330, 286]</P>
            <P Name="ZOrder">-5</P>
            <P Name="AttributesFormatString">(%&lt;object_name&gt;)</P>
            <P Name="LibraryVersion">1.1573</P>
            <P Name="UserDataPersistent">on</P>
            <P Name="UserData" Ref="bdmxdata:UserData_36"></P>
            <P Name="SourceBlock">quarc_library/Data Acquisition/Generic/Immediate I//O/HIL Write Analog</P>
            <P Name="SourceType">HIL Write Analog</P>
            <InstanceData>
              <P Name="object_name">HIL-1</P>
              <P Name="channels">0</P>
              <P Name="sample_time">-1</P>
              <P Name="active">off</P>
              <P Name="vector_input">off</P>
            </InstanceData>
          </Block>
          <Block BlockType="Gain" Name="Volts to cm&#xA;Tank 1 " SID="51">
            <P Name="Position">[730, 218, 790, 262]</P>
            <P Name="ZOrder">24</P>
            <P Name="Gain">30/4.8</P>
            <P Name="ParamDataTypeStr">Inherit: Inherit via internal rule</P>
            <P Name="OutDataTypeStr">Inherit: Inherit via internal rule</P>
            <P Name="SaturateOnIntegerOverflow">off</P>
          </Block>
          <Block BlockType="Gain" Name="Volts to cm&#xA;Tank 2" SID="73">
            <P Name="Position">[730, 343, 785, 387]</P>
            <P Name="ZOrder">24</P>
            <P Name="Gain">30/4.8</P>
            <P Name="ParamDataTypeStr">Inherit: Inherit via internal rule</P>
            <P Name="OutDataTypeStr">Inherit: Inherit via internal rule</P>
            <P Name="SaturateOnIntegerOverflow">off</P>
          </Block>
          <Block BlockType="Outport" Name="Nível Tank 1" SID="101">
            <P Name="Position">[865, 233, 895, 247]</P>
            <P Name="ZOrder">26</P>
            <P Name="IconDisplay">Port number</P>
          </Block>
          <Block BlockType="Outport" Name="Nível Tank 2" SID="102">
            <P Name="Position">[865, 358, 895, 372]</P>
            <P Name="ZOrder">27</P>
            <P Name="Port">2</P>
            <P Name="IconDisplay">Port number</P>
          </Block>
          <Line>
            <P Name="ZOrder">4</P>
            <P Name="Src">50#out:1</P>
            <P Name="Dst">51#in:1</P>
          </Line>
          <Line>
            <P Name="ZOrder">29</P>
            <P Name="Src">50#out:2</P>
            <P Name="Points">[110, 0; 0, 95]</P>
            <P Name="Dst">73#in:1</P>
          </Line>
          <Line>
            <P Name="ZOrder">51</P>
            <P Name="Src">100#out:1</P>
            <P Name="Dst">36#in:1</P>
          </Line>
          <Line>
            <P Name="ZOrder">52</P>
            <P Name="Src">51#out:1</P>
            <P Name="Dst">101#in:1</P>
          </Line>
          <Line>
            <P Name="ZOrder">53</P>
            <P Name="Src">73#out:1</P>
            <P Name="Dst">102#in:1</P>
          </Line>
          <Annotation SID="86">
            <P Name="Name">Select  your data acquisition device here</P>
            <P Name="Position">[415, 23, 646, 40]</P>
            <P Name="InternalMargins">[0, 0, 0, 0]</P>
            <P Name="FixedHeight">off</P>
            <P Name="FixedWidth">off</P>
            <P Name="ZOrder">-1</P>
            <P Name="FontName">Arial</P>
            <P Name="FontSize">12</P>
            <P Name="FontWeight">bold</P>
          </Annotation>
          <Annotation SID="87">
            <P Name="Name">Apply voltage to pump.
Connected via amplifier set with Gain 3x 
to  Analog Output #0</P>
            <P Name="Position">[234, 193, 467, 240]</P>
            <P Name="InternalMargins">[0, 0, 0, 0]</P>
            <P Name="FixedHeight">off</P>
            <P Name="FixedWidth">off</P>
            <P Name="ZOrder">-2</P>
            <P Name="FontSize">12</P>
            <P Name="FontWeight">bold</P>
            <P Name="FontAngle">italic</P>
          </Annotation>
          <Annotation SID="88">
            <P Name="Name">Measure Tank 2 level using pressure sensor.
Connected to Analog Input #1</P>
            <P Name="Position">[568, 340, 823, 372]</P>
            <P Name="InternalMargins">[0, 0, 0, 0]</P>
            <P Name="FixedHeight">off</P>
            <P Name="FixedWidth">off</P>
            <P Name="ZOrder">-3</P>
            <P Name="FontName">Arial</P>
            <P Name="FontSize">12</P>
            <P Name="FontWeight">bold</P>
          </Annotation>
          <Annotation SID="89">
            <P Name="Name">Measure Tank 1 level using pressure sensor.
Connected to Analog Input #0</P>
            <P Name="Position">[568, 205, 823, 237]</P>
            <P Name="InternalMargins">[0, 0, 0, 0]</P>
            <P Name="FixedHeight">off</P>
            <P Name="FixedWidth">off</P>
            <P Name="ZOrder">-4</P>
            <P Name="FontName">Arial</P>
            <P Name="FontSize">12</P>
            <P Name="FontWeight">bold</P>
          </Annotation>
        </System>
      </Block>
      <Block BlockType="Stop" Name="Stop Simulation" SID="183">
        <P Name="Position">[1860, 162, 1895, 198]</P>
        <P Name="ZOrder">9</P>
      </Block>
      <Block BlockType="Terminator" Name="Terminator" SID="184">
        <P Name="Position">[1760, 325, 1780, 345]</P>
        <P Name="ZOrder">10</P>
      </Block>
      <Block BlockType="Terminator" Name="Terminator1" SID="185">
        <P Name="Position">[1760, 260, 1780, 280]</P>
        <P Name="ZOrder">11</P>
      </Block>
      <Line>
        <P Name="ZOrder">1</P>
        <P Name="Src">175#out:1</P>
        <P Name="Dst">99#in:1</P>
      </Line>
      <Line>
        <P Name="ZOrder">12</P>
        <P Name="Src">180#out:1</P>
        <P Name="Dst">181#in:1</P>
      </Line>
      <Line>
        <P Name="ZOrder">13</P>
        <P Name="Src">99#out:1</P>
        <P Name="Points">[15, 0]</P>
        <Branch>
          <P Name="ZOrder">27</P>
          <P Name="Points">[0, 30]</P>
          <P Name="Dst">186#in:1</P>
        </Branch>
        <Branch>
          <P Name="ZOrder">20</P>
          <P Name="Points">[0, -90]</P>
          <P Name="Dst">182#in:1</P>
        </Branch>
        <Branch>
          <P Name="ZOrder">19</P>
          <P Name="Dst">185#in:1</P>
        </Branch>
      </Line>
      <Line>
        <P Name="ZOrder">14</P>
        <P Name="Src">99#out:2</P>
        <P Name="Dst">184#in:1</P>
      </Line>
      <Line>
        <P Name="ZOrder">21</P>
        <P Name="Src">182#out:1</P>
        <P Name="Dst">183#in:1</P>
      </Line>
      <Annotation SID="91">
        <P Name="Name">Sistema de Tanques Acoplados</P>
        <P Name="Position">[1602, 215, 1782, 232]</P>
        <P Name="InternalMargins">[0, 0, 0, 0]</P>
        <P Name="FixedHeight">off</P>
        <P Name="FixedWidth">off</P>
        <P Name="ZOrder">-6</P>
        <P Name="FontName">Arial</P>
        <P Name="FontSize">12</P>
        <P Name="FontWeight">bold</P>
      </Annotation>
    </System>
  </Model>
</ModelInformation>
