<?xml version="1.0" encoding="UTF-8" standalone="yes" ?><cp:coreProperties xmlns:cp="http://schemas.openxmlformats.org/package/2006/metadata/core-properties" xmlns:dc="http://purl.org/dc/elements/1.1/" xmlns:dcmitype="http://purl.org/dc/dcmitype/" xmlns:dcterms="http://purl.org/dc/terms/" xmlns:xsi="http://www.w3.org/2001/XMLSchema-instance"><cp:category>Model</cp:category><dcterms:created xsi:type="dcterms:W3CDTF">2001-07-31T17:07:54Z</dcterms:created><dc:creator>MLevis</dc:creator><cp:lastModifiedBy>UFRN</cp:lastModifiedBy><dcterms:modified xsi:type="dcterms:W3CDTF">2022-07-29T14:34:54Z</dcterms:modified><cp:revision>1.322</cp:revision><cp:version>R2015b</cp:version></cp:coreProperties>