<?xml version="1.0" encoding="utf-8"?>
<ModelInformation Version="1.0">
  <Model>
    <P Name="SavedCharacterEncoding">windows-1252</P>
    <P Name="PostLoadFcn">qc_set_target_type(getConfigSet(bdroot, &apos;QUARC Default Target Configuration&apos;));</P>
    <P Name="ScopeRefreshTime">0.035000</P>
    <P Name="OverrideScopeRefreshTime">on</P>
    <P Name="DisableAllScopes">off</P>
    <P Name="DataTypeOverride">UseLocalSettings</P>
    <P Name="DataTypeOverrideAppliesTo">AllNumericTypes</P>
    <P Name="MinMaxOverflowLogging">UseLocalSettings</P>
    <P Name="MinMaxOverflowArchiveMode">Overwrite</P>
    <P Name="FPTRunName">Run 1</P>
    <P Name="MaxMDLFileLineLength">120</P>
    <P Name="UserBdParams">CheckForProblematicBlocks</P>
    <Object PropName="BdWindowsInfo" ObjectID="1" ClassName="Simulink.BDWindowsInfo">
      <Object PropName="WindowsInfo" ObjectID="2" ClassName="Simulink.WindowInfo">
        <P Name="IsActive" Class="logical">1</P>
        <P Name="Location" Class="double">[-8.0, 0.0, 1936.0, 1056.0]</P>
        <Object PropName="ModelBrowserInfo" ObjectID="3" ClassName="Simulink.ModelBrowserInfo">
          <P Name="Visible" Class="logical">0</P>
          <P Name="DockPosition" Class="char">Left</P>
          <P Name="Width" Class="int32">50</P>
          <P Name="Height" Class="int32">50</P>
          <P Name="Filter" Class="int32">9</P>
        </Object>
        <Object PropName="ExplorerBarInfo" ObjectID="4" ClassName="Simulink.ExplorerBarInfo">
          <P Name="Visible" Class="logical">1</P>
        </Object>
        <Object PropName="EditorsInfo" ObjectID="5" ClassName="Simulink.EditorInfo">
          <P Name="IsActive" Class="logical">1</P>
          <P Name="ViewObjType" Class="char">SimulinkTopLevel</P>
          <P Name="LoadSaveID" Class="char">0</P>
          <P Name="Extents" Class="double">[1886.0, 882.0]</P>
          <P Name="ZoomFactor" Class="double">0.6</P>
          <P Name="Offset" Class="double">[-513.67503030178273, 146.52159573004076]</P>
        </Object>
      </Object>
    </Object>
    <UserParameters>
      <P Name="CheckForProblematicBlocks">on</P>
    </UserParameters>
    <ConfigManagerSettings>
      <P Name="UpdateHistory">UpdateHistoryNever</P>
      <P Name="ModifiedByFormat">%&lt;Auto&gt;</P>
      <P Name="ModifiedDateFormat">%&lt;Auto&gt;</P>
      <P Name="RTWModifiedTimeStamp">580995291</P>
      <P Name="ModelVersionFormat">1.%&lt;AutoIncrement:322&gt;</P>
    </ConfigManagerSettings>
    <EditorSettings>
      <P Name="SampleTimeColors">off</P>
      <P Name="SampleTimeAnnotations">off</P>
      <P Name="LibraryLinkDisplay">none</P>
      <P Name="WideLines">off</P>
      <P Name="ShowLineDimensions">off</P>
      <P Name="ShowPortDataTypes">off</P>
      <P Name="ShowDesignRanges">off</P>
      <P Name="ShowLoopsOnError">on</P>
      <P Name="IgnoreBidirectionalLines">off</P>
      <P Name="ShowStorageClass">off</P>
      <P Name="ShowTestPointIcons">on</P>
      <P Name="ShowSignalResolutionIcons">on</P>
      <P Name="ShowViewerIcons">on</P>
      <P Name="SortedOrder">off</P>
      <P Name="ExecutionContextIcon">off</P>
      <P Name="ShowLinearizationAnnotations">on</P>
      <P Name="ShowVisualizeInsertedRTB">on</P>
      <P Name="ShowMarkup">on</P>
      <P Name="BlockNameDataTip">off</P>
      <P Name="BlockParametersDataTip">off</P>
      <P Name="BlockDescriptionStringDataTip">off</P>
      <P Name="ToolBar">on</P>
      <P Name="StatusBar">on</P>
      <P Name="BrowserShowLibraryLinks">off</P>
      <P Name="BrowserLookUnderMasks">off</P>
    </EditorSettings>
    <SimulationSettings>
      <P Name="SimulationMode">external</P>
      <P Name="PauseTimes">5</P>
      <P Name="NumberOfSteps">1</P>
      <P Name="SnapshotBufferSize">10</P>
      <P Name="SnapshotInterval">10</P>
      <P Name="NumberOfLastSnapshots">0</P>
      <P Name="LinearizationMsg">none</P>
      <P Name="Profile">off</P>
      <P Name="ParamWorkspaceSource">MATLABWorkspace</P>
      <P Name="AccelSystemTargetFile">accel.tlc</P>
      <P Name="AccelTemplateMakefile">accel_default_tmf</P>
      <P Name="AccelMakeCommand">make_rtw</P>
      <P Name="TryForcingSFcnDF">off</P>
      <Object PropName="DataLoggingOverride" ObjectID="6" ClassName="Simulink.SimulationData.ModelLoggingInfo">
        <P Name="model_" Class="char">coupled_tanks_s_3C</P>
        <Array PropName="logAsSpecifiedByModels_" Type="Cell" Dimension="1*1">
          <Cell Class="char">coupled_tanks_s_3C</Cell>
        </Array>
        <Array PropName="logAsSpecifiedByModelsSSIDs_" Type="Cell" Dimension="1*1">
          <Cell Class="char"></Cell>
        </Array>
      </Object>
    </SimulationSettings>
    <ExternalMode>
      <P Name="ExtModeBatchMode">off</P>
      <P Name="ExtModeEnableFloating">on</P>
      <P Name="ExtModeTrigType">manual</P>
      <P Name="ExtModeTrigMode">normal</P>
      <P Name="ExtModeTrigPort">1</P>
      <P Name="ExtModeTrigElement">any</P>
      <P Name="ExtModeTrigDuration">30000</P>
      <P Name="ExtModeTrigDurationFloating">auto</P>
      <P Name="ExtModeTrigHoldOff">0</P>
      <P Name="ExtModeTrigDelay">0</P>
      <P Name="ExtModeTrigDirection">rising</P>
      <P Name="ExtModeTrigLevel">0</P>
      <P Name="ExtModeArchiveMode">off</P>
      <P Name="ExtModeAutoIncOneShot">off</P>
      <P Name="ExtModeIncDirWhenArm">off</P>
      <P Name="ExtModeAddSuffixToVar">off</P>
      <P Name="ExtModeWriteAllDataToWs">off</P>
      <P Name="ExtModeArmWhenConnect">on</P>
      <P Name="ExtModeSkipDownloadWhenConnect">off</P>
      <P Name="ExtModeLogAll">on</P>
      <P Name="ExtModeAutoUpdateStatusClock">on</P>
    </ExternalMode>
    <ModelReferenceSettings>
      <P Name="ShowModelReferenceBlockVersion">off</P>
      <P Name="ShowModelReferenceBlockIO">off</P>
    </ModelReferenceSettings>
    <ConcurrentExecutionSettings>
      <Object PropName="DataTransfer" ObjectID="7" ClassName="Simulink.GlobalDataTransfer">
        <P Name="DefaultTransitionBetweenSyncTasks" Class="char">Ensure deterministic transfer (maximum delay)</P>
        <P Name="DefaultTransitionBetweenAsyncTasks" Class="char">Ensure data integrity only</P>
        <P Name="DefaultTransitionBetweenContTasks" Class="char">Ensure deterministic transfer (minimum delay)</P>
        <P Name="DefaultExtrapolationMethodBetweenContTasks" Class="char">None</P>
        <P Name="AutoInsertRateTranBlk" Class="logical">0</P>
      </Object>
      <P Name="ExplicitPartitioning">off</P>
    </ConcurrentExecutionSettings>
    <SystemDefaults>
      <P Name="PaperOrientation">landscape</P>
      <P Name="PaperPositionMode">auto</P>
      <P Name="PaperType">usletter</P>
      <P Name="PaperUnits">inches</P>
      <P Name="TiledPaperMargins">[0.500000, 0.500000, 0.500000, 0.500000]</P>
      <P Name="TiledPageScale">1</P>
      <P Name="ShowPageBoundaries">off</P>
      <P Name="ModelBrowserVisibility">off</P>
      <P Name="ModelBrowserWidth">200</P>
      <P Name="ScreenColor">white</P>
    </SystemDefaults>
    <BlockDefaults>
      <P Name="ForegroundColor">black</P>
      <P Name="BackgroundColor">white</P>
      <P Name="DropShadow">off</P>
      <P Name="NamePlacement">normal</P>
      <P Name="FontName">Helvetica</P>
      <P Name="FontSize">10</P>
      <P Name="FontWeight">normal</P>
      <P Name="FontAngle">normal</P>
      <P Name="ShowName">on</P>
      <P Name="BlockRotation">0</P>
      <P Name="BlockMirror">off</P>
    </BlockDefaults>
    <AnnotationDefaults>
      <P Name="HorizontalAlignment">center</P>
      <P Name="VerticalAlignment">middle</P>
      <P Name="ForegroundColor">black</P>
      <P Name="BackgroundColor">white</P>
      <P Name="DropShadow">off</P>
      <P Name="FontName">Helvetica</P>
      <P Name="FontSize">10</P>
      <P Name="FontWeight">normal</P>
      <P Name="FontAngle">normal</P>
      <P Name="UseDisplayTextAsClickCallback">off</P>
    </AnnotationDefaults>
    <LineDefaults>
      <P Name="FontName">Helvetica</P>
      <P Name="FontSize">9</P>
      <P Name="FontWeight">normal</P>
      <P Name="FontAngle">normal</P>
    </LineDefaults>
    <MaskDefaults>
      <P Name="SelfModifiable">off</P>
      <P Name="IconFrame">on</P>
      <P Name="IconOpaque">on</P>
      <P Name="RunInitForIconRedraw">off</P>
      <P Name="IconRotate">none</P>
      <P Name="PortRotate">default</P>
      <P Name="IconUnits">autoscale</P>
    </MaskDefaults>
    <MaskParameterDefaults>
      <P Name="Evaluate">on</P>
      <P Name="Tunable">on</P>
      <P Name="NeverSave">off</P>
      <P Name="Internal">off</P>
      <P Name="ReadOnly">off</P>
      <P Name="Enabled">on</P>
      <P Name="Visible">on</P>
      <P Name="ToolTip">on</P>
    </MaskParameterDefaults>
    <BlockParameterDefaults>
      <Block BlockType="Constant">
        <P Name="Value">1</P>
        <P Name="VectorParams1D">on</P>
        <P Name="SamplingMode">Sample based</P>
        <P Name="OutMin">[]</P>
        <P Name="OutMax">[]</P>
        <P Name="OutDataTypeStr">Inherit: Inherit from &apos;Constant value&apos;</P>
        <P Name="LockScale">off</P>
        <P Name="SampleTime">inf</P>
        <P Name="FramePeriod">inf</P>
        <P Name="PreserveConstantTs">off</P>
      </Block>
      <Block BlockType="Demux">
        <P Name="Outputs">4</P>
        <P Name="DisplayOption">none</P>
        <P Name="BusSelectionMode">off</P>
      </Block>
      <Block BlockType="Gain">
        <P Name="Gain">1</P>
        <P Name="Multiplication">Element-wise(K.*u)</P>
        <P Name="ParamMin">[]</P>
        <P Name="ParamMax">[]</P>
        <P Name="ParamDataTypeStr">Inherit: Same as input</P>
        <P Name="OutMin">[]</P>
        <P Name="OutMax">[]</P>
        <P Name="OutDataTypeStr">Inherit: Same as input</P>
        <P Name="LockScale">off</P>
        <P Name="RndMeth">Floor</P>
        <P Name="SaturateOnIntegerOverflow">on</P>
        <P Name="SampleTime">-1</P>
      </Block>
      <Block BlockType="Inport">
        <P Name="Port">1</P>
        <P Name="OutputFunctionCall">off</P>
        <P Name="OutMin">[]</P>
        <P Name="OutMax">[]</P>
        <P Name="OutDataTypeStr">Inherit: auto</P>
        <P Name="LockScale">off</P>
        <P Name="BusOutputAsStruct">off</P>
        <P Name="PortDimensions">-1</P>
        <P Name="VarSizeSig">Inherit</P>
        <P Name="SampleTime">-1</P>
        <P Name="SignalType">auto</P>
        <P Name="SamplingMode">auto</P>
        <P Name="LatchByDelayingOutsideSignal">off</P>
        <P Name="LatchInputForFeedbackSignals">off</P>
        <P Name="Interpolate">on</P>
      </Block>
      <Block BlockType="Integrator">
        <P Name="ExternalReset">none</P>
        <P Name="InitialConditionSource">internal</P>
        <P Name="InitialCondition">0</P>
        <P Name="LimitOutput">off</P>
        <P Name="UpperSaturationLimit">inf</P>
        <P Name="LowerSaturationLimit">-inf</P>
        <P Name="WrapState">off</P>
        <P Name="WrappedStateUpperValue">pi</P>
        <P Name="WrappedStateLowerValue">-pi</P>
        <P Name="ShowSaturationPort">off</P>
        <P Name="ShowStatePort">off</P>
        <P Name="AbsoluteTolerance">auto</P>
        <P Name="IgnoreLimit">off</P>
        <P Name="ZeroCross">on</P>
        <P Name="ContinuousStateAttributes">&apos;&apos;</P>
      </Block>
      <Block BlockType="Logic">
        <P Name="Operator">AND</P>
        <P Name="Inputs">2</P>
        <P Name="IconShape">rectangular</P>
        <P Name="AllPortsSameDT">on</P>
        <P Name="OutDataTypeStr">Inherit: Logical (see Configuration Parameters: Optimization)</P>
        <P Name="SampleTime">-1</P>
      </Block>
      <Block BlockType="MultiPortSwitch">
        <P Name="DataPortOrder">One-based contiguous</P>
        <P Name="Inputs">3</P>
        <P Name="DataPortIndices">{1,2,3}</P>
        <P Name="DataPortForDefault">Last data port</P>
        <P Name="DiagnosticForDefault">Error</P>
        <P Name="zeroidx">off</P>
        <P Name="InputSameDT">on</P>
        <P Name="OutMin">[]</P>
        <P Name="OutMax">[]</P>
        <P Name="OutDataTypeStr">Inherit: Inherit via internal rule</P>
        <P Name="LockScale">off</P>
        <P Name="RndMeth">Floor</P>
        <P Name="SaturateOnIntegerOverflow">on</P>
        <P Name="SampleTime">-1</P>
        <P Name="AllowDiffInputSizes">off</P>
      </Block>
      <Block BlockType="Mux">
        <P Name="Inputs">4</P>
        <P Name="DisplayOption">none</P>
        <P Name="UseBusObject">off</P>
        <P Name="BusObject">BusObject</P>
        <P Name="NonVirtualBus">off</P>
      </Block>
      <Block BlockType="Outport">
        <P Name="Port">1</P>
        <P Name="OutMin">[]</P>
        <P Name="OutMax">[]</P>
        <P Name="OutDataTypeStr">Inherit: auto</P>
        <P Name="LockScale">off</P>
        <P Name="BusOutputAsStruct">off</P>
        <P Name="PortDimensions">-1</P>
        <P Name="VarSizeSig">Inherit</P>
        <P Name="SampleTime">-1</P>
        <P Name="SignalType">auto</P>
        <P Name="SamplingMode">auto</P>
        <P Name="SourceOfInitialOutputValue">Dialog</P>
        <P Name="OutputWhenDisabled">held</P>
        <P Name="InitialOutput">[]</P>
      </Block>
      <Block BlockType="Saturate">
        <P Name="UpperLimitSource">Dialog</P>
        <P Name="UpperLimit">0.5</P>
        <P Name="LowerLimitSource">Dialog</P>
        <P Name="LowerLimit">-0.5</P>
        <P Name="LinearizeAsGain">on</P>
        <P Name="ZeroCross">on</P>
        <P Name="SampleTime">-1</P>
        <P Name="OutMin">[]</P>
        <P Name="OutMax">[]</P>
        <P Name="OutDataTypeStr">Inherit: Same as input</P>
        <P Name="LockScale">off</P>
        <P Name="RndMeth">Floor</P>
      </Block>
      <Block BlockType="Scope">
        <P Name="DefaultConfigurationName">Simulink.scopes.TimeScopeBlockCfg</P>
        <P Name="NumInputPorts">1</P>
        <P Name="Floating">off</P>
      </Block>
      <Block BlockType="Stop">
      </Block>
      <Block BlockType="SubSystem">
        <P Name="ShowPortLabels">FromPortIcon</P>
        <P Name="Permissions">ReadWrite</P>
        <P Name="PermitHierarchicalResolution">All</P>
        <P Name="TreatAsAtomicUnit">off</P>
        <P Name="MinAlgLoopOccurrences">off</P>
        <P Name="PropExecContextOutsideSubsystem">off</P>
        <P Name="CheckFcnCallInpInsideContextMsg">off</P>
        <P Name="SystemSampleTime">-1</P>
        <P Name="RTWSystemCode">Auto</P>
        <P Name="RTWFcnNameOpts">Auto</P>
        <P Name="RTWFileNameOpts">Auto</P>
        <P Name="FunctionInterfaceSpec">void_void</P>
        <P Name="FunctionWithSeparateData">off</P>
        <P Name="RTWMemSecFuncInitTerm">Inherit from model</P>
        <P Name="RTWMemSecFuncExecute">Inherit from model</P>
        <P Name="RTWMemSecDataConstants">Inherit from model</P>
        <P Name="RTWMemSecDataInternal">Inherit from model</P>
        <P Name="RTWMemSecDataParameters">Inherit from model</P>
        <P Name="SimViewingDevice">off</P>
        <P Name="DataTypeOverride">UseLocalSettings</P>
        <P Name="DataTypeOverrideAppliesTo">AllNumericTypes</P>
        <P Name="MinMaxOverflowLogging">UseLocalSettings</P>
        <P Name="Opaque">off</P>
        <P Name="MaskHideContents">off</P>
        <P Name="SFBlockType">NONE</P>
        <P Name="GeneratePreprocessorConditionals">off</P>
        <P Name="ContentPreviewEnabled">off</P>
        <P Name="IsWebBlock">off</P>
      </Block>
      <Block BlockType="Sum">
        <P Name="IconShape">rectangular</P>
        <P Name="Inputs">++</P>
        <P Name="CollapseMode">All dimensions</P>
        <P Name="CollapseDim">1</P>
        <P Name="InputSameDT">on</P>
        <P Name="AccumDataTypeStr">Inherit: Inherit via internal rule</P>
        <P Name="OutMin">[]</P>
        <P Name="OutMax">[]</P>
        <P Name="OutDataTypeStr">Inherit: Same as first input</P>
        <P Name="LockScale">off</P>
        <P Name="RndMeth">Floor</P>
        <P Name="SaturateOnIntegerOverflow">on</P>
        <P Name="SampleTime">-1</P>
      </Block>
    </BlockParameterDefaults>
    <System>
      <P Name="Location">[-8, 0, 1928, 1056]</P>
      <P Name="Open">on</P>
      <P Name="TiledPaperMargins">[0.500000, 0.500000, 0.500000, 0.500000]</P>
      <P Name="ZoomFactor">60</P>
      <P Name="ReportName">simulink-default.rpt</P>
      <P Name="SIDHighWatermark">419</P>
      <Block BlockType="Constant" Name="&#xA;" SID="377">
        <P Name="Position">[945, 662, 960, 678]</P>
        <P Name="ZOrder">192</P>
        <P Name="Value">3</P>
      </Block>
      <Block BlockType="Gain" Name="-K_1&#xA;" SID="400">
        <P Name="Position">[415, 660, 445, 690]</P>
        <P Name="ZOrder">201</P>
        <P Name="Gain">-K1</P>
        <P Name="ParamDataTypeStr">Inherit: Inherit via internal rule</P>
        <P Name="OutDataTypeStr">Inherit: Inherit via internal rule</P>
        <P Name="SaturateOnIntegerOverflow">off</P>
      </Block>
      <Block BlockType="Gain" Name="A&#xA;" SID="407">
        <P Name="Position">[1260, 1195, 1290, 1225]</P>
        <P Name="ZOrder">212</P>
        <P Name="BlockMirror">on</P>
        <P Name="Gain">A</P>
        <P Name="Multiplication">Matrix(K*u) (u vector)</P>
        <P Name="ParamDataTypeStr">Inherit: Inherit via internal rule</P>
        <P Name="OutDataTypeStr">Inherit: Inherit via internal rule</P>
        <P Name="SaturateOnIntegerOverflow">off</P>
      </Block>
      <Block BlockType="Gain" Name="B" SID="408">
        <P Name="Position">[1150, 1125, 1180, 1155]</P>
        <P Name="ZOrder">213</P>
        <P Name="Gain">B</P>
        <P Name="Multiplication">Matrix(K*u) (u vector)</P>
        <P Name="ParamDataTypeStr">Inherit: Inherit via internal rule</P>
        <P Name="OutDataTypeStr">Inherit: Inherit via internal rule</P>
        <P Name="SaturateOnIntegerOverflow">off</P>
      </Block>
      <Block BlockType="Gain" Name="C" SID="409">
        <P Name="Position">[1345, 1125, 1375, 1155]</P>
        <P Name="ZOrder">211</P>
        <P Name="Gain">C</P>
        <P Name="Multiplication">Matrix(K*u) (u vector)</P>
        <P Name="ParamDataTypeStr">Inherit: Inherit via internal rule</P>
        <P Name="OutDataTypeStr">Inherit: Inherit via internal rule</P>
        <P Name="SaturateOnIntegerOverflow">off</P>
      </Block>
      <Block BlockType="Reference" Name="Compare&#xA;To Constant" SID="378">
        <P Name="Ports">[1, 1]</P>
        <P Name="Position">[645, 590, 675, 620]</P>
        <P Name="ZOrder">178</P>
        <P Name="LibraryVersion">1.358</P>
        <P Name="SourceBlock">simulink/Logic and Bit
Operations/Compare
To Constant</P>
        <P Name="SourceType">Compare To Constant</P>
        <InstanceData>
          <P Name="ContentPreviewEnabled">off</P>
          <P Name="relop">&lt;</P>
          <P Name="const">0</P>
          <P Name="OutDataTypeStr">boolean</P>
          <P Name="ZeroCross">on</P>
        </InstanceData>
      </Block>
      <Block BlockType="Reference" Name="Compare&#xA;To Constant1" SID="379">
        <P Name="Ports">[1, 1]</P>
        <P Name="Position">[645, 730, 675, 760]</P>
        <P Name="ZOrder">180</P>
        <P Name="LibraryVersion">1.358</P>
        <P Name="SourceBlock">simulink/Logic and Bit
Operations/Compare
To Constant</P>
        <P Name="SourceType">Compare To Constant</P>
        <InstanceData>
          <P Name="ContentPreviewEnabled">off</P>
          <P Name="relop">&gt;=</P>
          <P Name="const">28</P>
          <P Name="OutDataTypeStr">boolean</P>
          <P Name="ZeroCross">on</P>
        </InstanceData>
      </Block>
      <Block BlockType="Reference" Name="Compare&#xA;To Constant2" SID="380">
        <P Name="Ports">[1, 1]</P>
        <P Name="Position">[645, 660, 675, 690]</P>
        <P Name="ZOrder">182</P>
        <P Name="LibraryVersion">1.358</P>
        <P Name="SourceBlock">simulink/Logic and Bit
Operations/Compare
To Constant</P>
        <P Name="SourceType">Compare To Constant</P>
        <InstanceData>
          <P Name="ContentPreviewEnabled">off</P>
          <P Name="relop">&gt;=</P>
          <P Name="const">3</P>
          <P Name="OutDataTypeStr">boolean</P>
          <P Name="ZeroCross">on</P>
        </InstanceData>
      </Block>
      <Block BlockType="Reference" Name="Compare&#xA;To Constant3" SID="381">
        <P Name="Ports">[1, 1]</P>
        <P Name="Position">[645, 525, 675, 555]</P>
        <P Name="ZOrder">183</P>
        <P Name="LibraryVersion">1.358</P>
        <P Name="SourceBlock">simulink/Logic and Bit
Operations/Compare
To Constant</P>
        <P Name="SourceType">Compare To Constant</P>
        <InstanceData>
          <P Name="ContentPreviewEnabled">off</P>
          <P Name="relop">&lt;=</P>
          <P Name="const">2</P>
          <P Name="OutDataTypeStr">boolean</P>
          <P Name="ZeroCross">on</P>
        </InstanceData>
      </Block>
      <Block BlockType="Reference" Name="Compare&#xA;To Constant4" SID="382">
        <P Name="Ports">[1, 1]</P>
        <P Name="Position">[645, 805, 675, 835]</P>
        <P Name="ZOrder">184</P>
        <P Name="LibraryVersion">1.358</P>
        <P Name="SourceBlock">simulink/Logic and Bit
Operations/Compare
To Constant</P>
        <P Name="SourceType">Compare To Constant</P>
        <InstanceData>
          <P Name="ContentPreviewEnabled">off</P>
          <P Name="relop">&gt;=</P>
          <P Name="const">30</P>
          <P Name="OutDataTypeStr">boolean</P>
          <P Name="ZeroCross">on</P>
        </InstanceData>
      </Block>
      <Block BlockType="Reference" Name="Compare&#xA;To Constant6" SID="402">
        <P Name="Ports">[1, 1]</P>
        <P Name="Position">[635, 895, 665, 925]</P>
        <P Name="ZOrder">203</P>
        <P Name="LibraryVersion">1.358</P>
        <P Name="SourceBlock">simulink/Logic and Bit
Operations/Compare
To Constant</P>
        <P Name="SourceType">Compare To Constant</P>
        <InstanceData>
          <P Name="ContentPreviewEnabled">off</P>
          <P Name="relop">&gt;=</P>
          <P Name="const">30</P>
          <P Name="OutDataTypeStr">boolean</P>
          <P Name="ZeroCross">on</P>
        </InstanceData>
      </Block>
      <Block BlockType="Constant" Name="Constant" SID="339">
        <P Name="Position">[200, 662, 235, 688]</P>
        <P Name="ZOrder">154</P>
        <P Name="Value">15</P>
        <Port>
          <P Name="PortNumber">1</P>
          <P Name="Name">Referência</P>
          <P Name="RTWStorageClass">Auto</P>
          <P Name="DataLoggingNameMode">SignalName</P>
        </Port>
      </Block>
      <Block BlockType="Constant" Name="Constant2" SID="384">
        <P Name="Position">[810, 642, 825, 658]</P>
        <P Name="ZOrder">187</P>
        <P Name="Value">3</P>
      </Block>
      <Block BlockType="Demux" Name="Demux" SID="410">
        <P Name="Ports">[1, 2]</P>
        <P Name="Position">[1485, 1066, 1490, 1164]</P>
        <P Name="ZOrder">218</P>
        <P Name="ShowName">off</P>
        <P Name="Outputs">2</P>
        <P Name="DisplayOption">bar</P>
      </Block>
      <Block BlockType="Scope" Name="Erros de estimativa" SID="411">
        <P Name="Ports">[1]</P>
        <P Name="Position">[1655, 1109, 1685, 1141]</P>
        <P Name="ZOrder">210</P>
        <P Name="ScopeSpecificationString">Simulink.scopes.TimeScopeBlockCfg(&apos;CurrentConfiguration&apos;, extmgr.ConfigurationSet(extmgr.Configuration(&apos;Core&apos;,&apos;General UI&apos;,true),extmgr.Configuration(&apos;Core&apos;,&apos;Source UI&apos;,true),extmgr.Configuration(&apos;Sources&apos;,&apos;WiredSimulink&apos;,true,&apos;DataLoggingVariableName&apos;,&apos;ScopeData1&apos;),extmgr.Configuration(&apos;Visuals&apos;,&apos;Time Domain&apos;,true,&apos;SerializedDisplays&apos;,{struct(&apos;MinYLimReal&apos;,&apos;-4&apos;,&apos;MaxYLimReal&apos;,&apos;8&apos;,&apos;YLabelReal&apos;,&apos;&apos;,&apos;MinYLimMag&apos;,&apos;0.00000&apos;,&apos;MaxYLimMag&apos;,&apos;0.37075&apos;,&apos;LegendVisibility&apos;,&apos;On&apos;,&apos;XGrid&apos;,true,&apos;YGrid&apos;,true,&apos;PlotMagPhase&apos;,false,&apos;AxesColor&apos;,[0 0 0],&apos;AxesTickColor&apos;,[0.686274509803922 0.686274509803922 0.686274509803922],&apos;ColorOrder&apos;,[1 1 0.0666666666666667;0.0745098039215686 0.623529411764706 1;1 0.411764705882353 0.16078431372549;0.392156862745098 0.831372549019608 0.0745098039215686;0.717647058823529 0.274509803921569 1;0.0588235294117647 1 1;1 0.0745098039215686 0.650980392156863],&apos;Title&apos;,&apos;%&lt;SignalLabel&gt;&apos;,&apos;LinePropertiesCache&apos;,{{}},&apos;UserDefinedChannelNames&apos;,{{}},&apos;NumLines&apos;,2,&apos;LineNames&apos;,{{&apos;erro t1&apos;,&apos;erro t2&apos;}},&apos;ShowContent&apos;,true,&apos;Placement&apos;,1)},&apos;DisplayPropertyDefaults&apos;,struct(&apos;MinYLimReal&apos;,&apos;-4&apos;,&apos;MaxYLimReal&apos;,&apos;8&apos;,&apos;YLabelReal&apos;,&apos;&apos;,&apos;MinYLimMag&apos;,&apos;0.00000&apos;,&apos;MaxYLimMag&apos;,&apos;0.37075&apos;,&apos;LegendVisibility&apos;,&apos;On&apos;,&apos;XGrid&apos;,true,&apos;YGrid&apos;,true,&apos;PlotMagPhase&apos;,false,&apos;AxesColor&apos;,[0 0 0],&apos;AxesTickColor&apos;,[0.686274509803922 0.686274509803922 0.686274509803922],&apos;ColorOrder&apos;,[0.0745098039215686 0.623529411764706 1;1 0.411764705882353 0.16078431372549;1 1 0.0666666666666667;0.717647058823529 0.274509803921569 1;0.392156862745098 0.831372549019608 0.0745098039215686;0.0588235294117647 1 1;1 0.0745098039215686 0.650980392156863]),&apos;TimeRangeSamples&apos;,&apos;190&apos;,&apos;TimeRangeFrames&apos;,&apos;190&apos;),extmgr.Configuration(&apos;Tools&apos;,&apos;Plot Navigation&apos;,true,&apos;OnceAtStop&apos;,false),extmgr.Configuration(&apos;Tools&apos;,&apos;Measurements&apos;,true,&apos;Version&apos;,&apos;2015b&apos;)),&apos;Version&apos;,&apos;2015b&apos;,&apos;Position&apos;,[964 351 937 639])</P>
      </Block>
      <Block BlockType="Integrator" Name="Integrator" SID="413">
        <P Name="Ports">[1, 1]</P>
        <P Name="Position">[1260, 1125, 1290, 1155]</P>
        <P Name="ZOrder">215</P>
        <Port>
          <P Name="PortNumber">1</P>
          <P Name="Name">Estimado</P>
          <P Name="RTWStorageClass">Auto</P>
          <P Name="DataLoggingNameMode">SignalName</P>
        </Port>
      </Block>
      <Block BlockType="Integrator" Name="Integrator1" SID="398">
        <P Name="Ports">[1, 1]</P>
        <P Name="Position">[340, 660, 370, 690]</P>
        <P Name="ZOrder">199</P>
      </Block>
      <Block BlockType="Gain" Name="K2" SID="389">
        <P Name="Position">[800, 700, 830, 730]</P>
        <P Name="ZOrder">185</P>
        <P Name="Gain">2</P>
        <P Name="ParamDataTypeStr">Inherit: Inherit via internal rule</P>
        <P Name="OutDataTypeStr">Inherit: Inherit via internal rule</P>
        <P Name="SaturateOnIntegerOverflow">off</P>
      </Block>
      <Block BlockType="Gain" Name="K_2" SID="358">
        <P Name="Position">[915, 1040, 945, 1070]</P>
        <P Name="ZOrder">159</P>
        <P Name="BlockMirror">on</P>
        <P Name="Gain">K2</P>
        <P Name="Multiplication">Matrix(K*u) (u vector)</P>
        <P Name="ParamDataTypeStr">Inherit: Inherit via internal rule</P>
        <P Name="OutDataTypeStr">Inherit: Inherit via internal rule</P>
        <P Name="SaturateOnIntegerOverflow">off</P>
      </Block>
      <Block BlockType="Gain" Name="L" SID="414">
        <P Name="Position">[1275, 1020, 1305, 1050]</P>
        <P Name="ZOrder">208</P>
        <P Name="BlockMirror">on</P>
        <P Name="Gain">L</P>
        <P Name="Multiplication">Matrix(K*u) (u vector)</P>
        <P Name="ParamDataTypeStr">Inherit: Inherit via internal rule</P>
        <P Name="OutDataTypeStr">Inherit: Inherit via internal rule</P>
        <P Name="SaturateOnIntegerOverflow">off</P>
      </Block>
      <Block BlockType="Logic" Name="Logical&#xA;Operator" SID="390">
        <P Name="Ports">[2, 1]</P>
        <P Name="Position">[730, 557, 760, 588]</P>
        <P Name="ZOrder">179</P>
        <P Name="AllPortsSameDT">off</P>
        <P Name="OutDataTypeStr">boolean</P>
      </Block>
      <Block BlockType="Logic" Name="Logical&#xA;Operator1" SID="391">
        <P Name="Ports">[2, 1]</P>
        <P Name="Position">[730, 697, 760, 728]</P>
        <P Name="ZOrder">181</P>
        <P Name="AllPortsSameDT">off</P>
        <P Name="OutDataTypeStr">boolean</P>
      </Block>
      <Block BlockType="MultiPortSwitch" Name="Multiport&#xA;Switch" SID="392">
        <P Name="Ports">[4, 1]</P>
        <P Name="Position">[1005, 643, 1035, 717]</P>
        <P Name="ZOrder">191</P>
        <P Name="InputSameDT">off</P>
        <P Name="SaturateOnIntegerOverflow">off</P>
        <Port>
          <P Name="PortNumber">1</P>
          <P Name="Name">Sinais de controle saturado</P>
          <P Name="RTWStorageClass">Auto</P>
          <P Name="DataLoggingNameMode">SignalName</P>
        </Port>
      </Block>
      <Block BlockType="Mux" Name="Mux" SID="342">
        <P Name="Ports">[4, 1]</P>
        <P Name="Position">[1645, 380, 1650, 510]</P>
        <P Name="ZOrder">155</P>
        <P Name="ShowName">off</P>
        <P Name="DisplayOption">bar</P>
      </Block>
      <Block BlockType="Mux" Name="Mux1" SID="364">
        <P Name="Ports">[2, 1]</P>
        <P Name="Position">[1095, 753, 1100, 882]</P>
        <P Name="ZOrder">165</P>
        <P Name="ShowName">off</P>
        <P Name="Inputs">2</P>
        <P Name="DisplayOption">bar</P>
      </Block>
      <Block BlockType="Mux" Name="Mux3" SID="415">
        <P Name="Ports">[2, 1]</P>
        <P Name="Position">[1590, 1058, 1595, 1187]</P>
        <P Name="ZOrder">209</P>
        <P Name="ShowName">off</P>
        <P Name="Inputs">2</P>
        <P Name="DisplayOption">bar</P>
      </Block>
      <Block BlockType="Scope" Name="Níveis" SID="356">
        <P Name="Ports">[1]</P>
        <P Name="Position">[1690, 429, 1720, 461]</P>
        <P Name="ZOrder">156</P>
        <P Name="ScopeSpecificationString">Simulink.scopes.TimeScopeBlockCfg(&apos;CurrentConfiguration&apos;, extmgr.ConfigurationSet(extmgr.Configuration(&apos;Core&apos;,&apos;General UI&apos;,true),extmgr.Configuration(&apos;Core&apos;,&apos;Source UI&apos;,true),extmgr.Configuration(&apos;Sources&apos;,&apos;WiredSimulink&apos;,true),extmgr.Configuration(&apos;Visuals&apos;,&apos;Time Domain&apos;,true,&apos;SerializedDisplays&apos;,{struct(&apos;MinYLimReal&apos;,&apos;-4.84276&apos;,&apos;MaxYLimReal&apos;,&apos;31.11076&apos;,&apos;YLabelReal&apos;,&apos;&apos;,&apos;MinYLimMag&apos;,&apos;0.00000&apos;,&apos;MaxYLimMag&apos;,&apos;31.11076&apos;,&apos;LegendVisibility&apos;,&apos;On&apos;,&apos;XGrid&apos;,true,&apos;YGrid&apos;,true,&apos;PlotMagPhase&apos;,false,&apos;AxesColor&apos;,[0 0 0],&apos;AxesTickColor&apos;,[0.686274509803922 0.686274509803922 0.686274509803922],&apos;ColorOrder&apos;,[1 1 0.0666666666666667;0.0745098039215686 0.623529411764706 1;1 0.411764705882353 0.16078431372549;0.392156862745098 0.831372549019608 0.0745098039215686;0.717647058823529 0.274509803921569 1;0.0588235294117647 1 1;1 0.0745098039215686 0.650980392156863],&apos;Title&apos;,&apos;%&lt;SignalLabel&gt;&apos;,&apos;LinePropertiesCache&apos;,{{struct(&apos;Color&apos;,[1 1 0.0666666666666667],&apos;LineStyle&apos;,&apos;--&apos;,&apos;LineWidth&apos;,0.5,&apos;Marker&apos;,&apos;none&apos;,&apos;Visible&apos;,&apos;on&apos;),struct(&apos;Color&apos;,[0.0745098039215686 0.623529411764706 1],&apos;LineStyle&apos;,&apos;-&apos;,&apos;LineWidth&apos;,2,&apos;Marker&apos;,&apos;none&apos;,&apos;Visible&apos;,&apos;on&apos;),struct(&apos;Color&apos;,[1 0.411764705882353 0.16078431372549],&apos;LineStyle&apos;,&apos;-&apos;,&apos;LineWidth&apos;,2,&apos;Marker&apos;,&apos;none&apos;,&apos;Visible&apos;,&apos;on&apos;),struct(&apos;Color&apos;,[0 1 1],&apos;LineStyle&apos;,&apos;--&apos;,&apos;LineWidth&apos;,1,&apos;Marker&apos;,&apos;none&apos;,&apos;Visible&apos;,&apos;on&apos;),struct(&apos;Color&apos;,[0.870588235294118 0.490196078431373 0],&apos;LineStyle&apos;,&apos;--&apos;,&apos;LineWidth&apos;,1,&apos;Marker&apos;,&apos;none&apos;,&apos;Visible&apos;,&apos;on&apos;)}},&apos;UserDefinedChannelNames&apos;,{{}},&apos;NumLines&apos;,5,&apos;LineNames&apos;,{{&apos;Referência&apos;,&apos;Nivel tank 1&apos;,&apos;Nivel tank 2&apos;,&apos;Estimado:1&apos;,&apos;Estimado:2&apos;}},&apos;ShowContent&apos;,true,&apos;Placement&apos;,1)},&apos;DisplayPropertyDefaults&apos;,struct(&apos;MinYLimReal&apos;,&apos;-4.84276&apos;,&apos;MaxYLimReal&apos;,&apos;31.11076&apos;,&apos;YLabelReal&apos;,&apos;&apos;,&apos;MinYLimMag&apos;,&apos;0.00000&apos;,&apos;MaxYLimMag&apos;,&apos;31.11076&apos;,&apos;LegendVisibility&apos;,&apos;On&apos;,&apos;XGrid&apos;,true,&apos;YGrid&apos;,true,&apos;PlotMagPhase&apos;,false,&apos;AxesColor&apos;,[0 0 0],&apos;AxesTickColor&apos;,[0.686274509803922 0.686274509803922 0.686274509803922],&apos;ColorOrder&apos;,[0.0745098039215686 0.623529411764706 1;1 0.411764705882353 0.16078431372549;1 1 0.0666666666666667;0.717647058823529 0.274509803921569 1;0.392156862745098 0.831372549019608 0.0745098039215686;0.0588235294117647 1 1;1 0.0745098039215686 0.650980392156863]),&apos;TimeRangeSamples&apos;,&apos;190&apos;,&apos;TimeRangeFrames&apos;,&apos;190&apos;),extmgr.Configuration(&apos;Tools&apos;,&apos;Plot Navigation&apos;,true,&apos;OnceAtStop&apos;,false),extmgr.Configuration(&apos;Tools&apos;,&apos;Measurements&apos;,true,&apos;Version&apos;,&apos;2015b&apos;)),&apos;Version&apos;,&apos;2015b&apos;,&apos;Position&apos;,[1 41 1920 964])</P>
      </Block>
      <Block BlockType="Constant" Name="OFF" SID="393">
        <P Name="Position">[945, 682, 960, 698]</P>
        <P Name="ZOrder">193</P>
        <P Name="Value">0</P>
      </Block>
      <Block BlockType="SubSystem" Name="PLANTA" SID="343">
        <P Name="Ports">[1, 2]</P>
        <P Name="Position">[1075, 394, 1270, 521]</P>
        <P Name="ZOrder">153</P>
        <P Name="BackgroundColor">green</P>
        <P Name="FontName">Arial</P>
        <P Name="FontSize">12</P>
        <P Name="FontWeight">bold</P>
        <P Name="RequestExecContextInheritance">off</P>
        <P Name="Variant">off</P>
        <Port>
          <P Name="PortNumber">1</P>
          <P Name="Name">Nivel tank 1</P>
          <P Name="RTWStorageClass">Auto</P>
          <P Name="DataLoggingNameMode">SignalName</P>
        </Port>
        <Port>
          <P Name="PortNumber">2</P>
          <P Name="Name">Nivel tank 2</P>
          <P Name="RTWStorageClass">Auto</P>
          <P Name="DataLoggingNameMode">SignalName</P>
        </Port>
        <System>
          <P Name="Location">[-8, 0, 1928, 1056]</P>
          <P Name="Open">off</P>
          <P Name="TiledPaperMargins">[0.500000, 0.500000, 0.500000, 0.500000]</P>
          <P Name="ZoomFactor">100</P>
          <Block BlockType="Inport" Name="Vp" SID="344">
            <P Name="Position">[20, 248, 50, 262]</P>
            <P Name="ZOrder">25</P>
            <P Name="IconDisplay">Port number</P>
          </Block>
          <Block BlockType="Reference" Name="HIL Initialize" SID="345">
            <P Name="Ports">[]</P>
            <P Name="Position">[360, 39, 444, 114]</P>
            <P Name="ZOrder">-2</P>
            <P Name="AttributesFormatString">%&lt;object_name&gt; (%&lt;board_type&gt;-%&lt;board_number&gt;)</P>
            <P Name="LibraryVersion">1.1573</P>
            <P Name="UserDataPersistent">on</P>
            <P Name="UserData" Ref="bdmxdata:UserData_345"></P>
            <P Name="SourceBlock">quarc_library/Data Acquisition/Generic/Configuration/HIL Initialize</P>
            <P Name="SourceType">HIL Initialize</P>
            <InstanceData>
              <P Name="object_name">HIL-1</P>
              <P Name="board_type">q8_usb</P>
              <P Name="board_number">0</P>
              <P Name="board_options">update_rate=normal;decimation=1</P>
              <P Name="exclusive">off</P>
              <P Name="active">off</P>
              <P Name="hardware_clocks">[0:2]</P>
              <P Name="clock_modes">[]</P>
              <P Name="initial_clock_frequencies">[]</P>
              <P Name="set_clock_params_at_start">off</P>
              <P Name="set_clock_params_at_switch_in">off</P>
              <P Name="set_clock_frequencies_at_start">off</P>
              <P Name="set_clock_frequencies_at_switch_in">off</P>
              <P Name="analog_input_channels">[0:7]</P>
              <P Name="analog_input_maximums">10</P>
              <P Name="analog_input_minimums">-10</P>
              <P Name="set_analog_input_params_at_start">on</P>
              <P Name="set_analog_input_params_at_switch_in">off</P>
              <P Name="analog_output_channels">[0:7]</P>
              <P Name="analog_output_maximums">10</P>
              <P Name="analog_output_minimums">-10</P>
              <P Name="initial_analog_outputs">[0]</P>
              <P Name="final_analog_outputs">[0]</P>
              <P Name="watchdog_analog_outputs">0</P>
              <P Name="set_analog_output_params_at_start">on</P>
              <P Name="set_analog_output_params_at_switch_in">off</P>
              <P Name="set_analog_outputs_at_start">on</P>
              <P Name="set_analog_outputs_at_switch_in">off</P>
              <P Name="set_analog_outputs_at_terminate">on</P>
              <P Name="set_analog_outputs_at_switch_out">off</P>
              <P Name="set_analog_outputs_on_watchdog">off</P>
              <P Name="digital_input_channels">[]</P>
              <P Name="digital_output_channels">[]</P>
              <P Name="digital_output_configuration">[]</P>
              <P Name="initial_digital_outputs">[1]</P>
              <P Name="final_digital_outputs">[1]</P>
              <P Name="watchdog_digital_outputs">[1]</P>
              <P Name="set_digital_output_params_at_start">off</P>
              <P Name="set_digital_output_params_at_switch_in">off</P>
              <P Name="set_digital_outputs_at_start">on</P>
              <P Name="set_digital_outputs_at_switch_in">off</P>
              <P Name="set_digital_outputs_at_terminate">on</P>
              <P Name="set_digital_outputs_at_switch_out">off</P>
              <P Name="set_digital_outputs_on_watchdog">off</P>
              <P Name="encoder_channels">[0:7]</P>
              <P Name="quadrature">[4]</P>
              <P Name="encoder_filter_frequency">[]</P>
              <P Name="initial_encoder_counts">[0]</P>
              <P Name="set_encoder_params_at_start">on</P>
              <P Name="set_encoder_params_at_switch_in">off</P>
              <P Name="set_encoder_counts_at_start">on</P>
              <P Name="set_encoder_counts_at_switch_in">off</P>
              <P Name="pwm_channels">[0:7]</P>
              <P Name="pwm_modes">0</P>
              <P Name="pwm_frequency">99.532799999999995e6/4095</P>
              <P Name="pwm_configuration">[0]</P>
              <P Name="pwm_alignment">[0]</P>
              <P Name="pwm_polarity">[1]</P>
              <P Name="pwm_leading_deadband">[0]</P>
              <P Name="pwm_trailing_deadband">[0]</P>
              <P Name="initial_pwm_outputs">[0]</P>
              <P Name="final_pwm_outputs">[0]</P>
              <P Name="watchdog_pwm_outputs">[0]</P>
              <P Name="set_pwm_params_at_start">on</P>
              <P Name="set_pwm_params_at_switch_in">off</P>
              <P Name="set_pwm_outputs_at_start">on</P>
              <P Name="set_pwm_outputs_at_switch_in">off</P>
              <P Name="set_pwm_outputs_at_terminate">on</P>
              <P Name="set_pwm_outputs_at_switch_out">off</P>
              <P Name="set_pwm_outputs_on_watchdog">off</P>
              <P Name="other_output_channels">[]</P>
              <P Name="initial_other_outputs">[]</P>
              <P Name="final_other_outputs">[]</P>
              <P Name="watchdog_other_outputs">[]</P>
              <P Name="set_other_outputs_at_start">off</P>
              <P Name="set_other_outputs_at_switch_in">off</P>
              <P Name="set_other_outputs_at_terminate">off</P>
              <P Name="set_other_outputs_at_switch_out">off</P>
              <P Name="set_other_outputs_on_watchdog">off</P>
            </InstanceData>
          </Block>
          <Block BlockType="Reference" Name="HIL Read Analog" SID="346">
            <P Name="Ports">[0, 2]</P>
            <P Name="Position">[500, 224, 585, 286]</P>
            <P Name="ZOrder">-12</P>
            <P Name="AttributesFormatString">(%&lt;object_name&gt;)</P>
            <P Name="LibraryVersion">1.1573</P>
            <P Name="UserDataPersistent">on</P>
            <P Name="UserData" Ref="bdmxdata:UserData_346"></P>
            <P Name="SourceBlock">quarc_library/Data Acquisition/Generic/Immediate I//O/HIL Read Analog</P>
            <P Name="SourceType">HIL Read Analog</P>
            <InstanceData>
              <P Name="object_name">HIL-1</P>
              <P Name="channels">[0:1]</P>
              <P Name="sample_time">qc_get_step_size</P>
              <P Name="active">on</P>
              <P Name="vector_output">off</P>
            </InstanceData>
          </Block>
          <Block BlockType="Reference" Name="HIL Write Analog" SID="347">
            <P Name="Ports">[1]</P>
            <P Name="Position">[245, 224, 330, 286]</P>
            <P Name="ZOrder">-5</P>
            <P Name="AttributesFormatString">(%&lt;object_name&gt;)</P>
            <P Name="LibraryVersion">1.1573</P>
            <P Name="UserDataPersistent">on</P>
            <P Name="UserData" Ref="bdmxdata:UserData_347"></P>
            <P Name="SourceBlock">quarc_library/Data Acquisition/Generic/Immediate I//O/HIL Write Analog</P>
            <P Name="SourceType">HIL Write Analog</P>
            <InstanceData>
              <P Name="object_name">HIL-1</P>
              <P Name="channels">0</P>
              <P Name="sample_time">-1</P>
              <P Name="active">off</P>
              <P Name="vector_input">off</P>
            </InstanceData>
          </Block>
          <Block BlockType="Gain" Name="Volts to cm&#xA;Tank 1 " SID="348">
            <P Name="Position">[730, 218, 790, 262]</P>
            <P Name="ZOrder">24</P>
            <P Name="Gain">30/4.8</P>
            <P Name="ParamDataTypeStr">Inherit: Inherit via internal rule</P>
            <P Name="OutDataTypeStr">Inherit: Inherit via internal rule</P>
            <P Name="SaturateOnIntegerOverflow">off</P>
          </Block>
          <Block BlockType="Gain" Name="Volts to cm&#xA;Tank 2" SID="349">
            <P Name="Position">[730, 343, 785, 387]</P>
            <P Name="ZOrder">24</P>
            <P Name="Gain">30/4.8</P>
            <P Name="ParamDataTypeStr">Inherit: Inherit via internal rule</P>
            <P Name="OutDataTypeStr">Inherit: Inherit via internal rule</P>
            <P Name="SaturateOnIntegerOverflow">off</P>
          </Block>
          <Block BlockType="Outport" Name="Nível Tank 1" SID="350">
            <P Name="Position">[865, 233, 895, 247]</P>
            <P Name="ZOrder">26</P>
            <P Name="IconDisplay">Port number</P>
          </Block>
          <Block BlockType="Outport" Name="Nível Tank 2" SID="351">
            <P Name="Position">[865, 358, 895, 372]</P>
            <P Name="ZOrder">27</P>
            <P Name="Port">2</P>
            <P Name="IconDisplay">Port number</P>
          </Block>
          <Line>
            <P Name="ZOrder">1</P>
            <P Name="Src">346#out:1</P>
            <P Name="Dst">348#in:1</P>
          </Line>
          <Line>
            <P Name="ZOrder">2</P>
            <P Name="Src">346#out:2</P>
            <P Name="Points">[110, 0; 0, 95]</P>
            <P Name="Dst">349#in:1</P>
          </Line>
          <Line>
            <P Name="ZOrder">3</P>
            <P Name="Src">344#out:1</P>
            <P Name="Dst">347#in:1</P>
          </Line>
          <Line>
            <P Name="ZOrder">4</P>
            <P Name="Src">348#out:1</P>
            <P Name="Dst">350#in:1</P>
          </Line>
          <Line>
            <P Name="ZOrder">5</P>
            <P Name="Src">349#out:1</P>
            <P Name="Dst">351#in:1</P>
          </Line>
          <Annotation SID="355">
            <P Name="Name">Select  your data acquisition device here</P>
            <P Name="Position">[415, 23, 646, 40]</P>
            <P Name="InternalMargins">[0, 0, 0, 0]</P>
            <P Name="FixedHeight">off</P>
            <P Name="FixedWidth">off</P>
            <P Name="ZOrder">-1</P>
            <P Name="FontName">Arial</P>
            <P Name="FontSize">12</P>
            <P Name="FontWeight">bold</P>
          </Annotation>
          <Annotation SID="354">
            <P Name="Name">Apply voltage to pump.
Connected via amplifier set with Gain 3x 
to  Analog Output #0</P>
            <P Name="Position">[234, 193, 467, 240]</P>
            <P Name="InternalMargins">[0, 0, 0, 0]</P>
            <P Name="FixedHeight">off</P>
            <P Name="FixedWidth">off</P>
            <P Name="ZOrder">-2</P>
            <P Name="FontSize">12</P>
            <P Name="FontWeight">bold</P>
            <P Name="FontAngle">italic</P>
          </Annotation>
          <Annotation SID="353">
            <P Name="Name">Measure Tank 2 level using pressure sensor.
Connected to Analog Input #1</P>
            <P Name="Position">[568, 340, 823, 372]</P>
            <P Name="InternalMargins">[0, 0, 0, 0]</P>
            <P Name="FixedHeight">off</P>
            <P Name="FixedWidth">off</P>
            <P Name="ZOrder">-3</P>
            <P Name="FontName">Arial</P>
            <P Name="FontSize">12</P>
            <P Name="FontWeight">bold</P>
          </Annotation>
          <Annotation SID="352">
            <P Name="Name">Measure Tank 1 level using pressure sensor.
Connected to Analog Input #0</P>
            <P Name="Position">[568, 205, 823, 237]</P>
            <P Name="InternalMargins">[0, 0, 0, 0]</P>
            <P Name="FixedHeight">off</P>
            <P Name="FixedWidth">off</P>
            <P Name="ZOrder">-4</P>
            <P Name="FontName">Arial</P>
            <P Name="FontSize">12</P>
            <P Name="FontWeight">bold</P>
          </Annotation>
        </System>
      </Block>
      <Block BlockType="Saturate" Name="Saturation" SID="406">
        <P Name="Ports">[1, 1]</P>
        <P Name="Position">[895, 775, 925, 805]</P>
        <P Name="ZOrder">207</P>
        <P Name="InputPortMap">u0</P>
        <P Name="UpperLimit">4</P>
        <P Name="LowerLimit">-4</P>
      </Block>
      <Block BlockType="Scope" Name="Sinais de controle" SID="365">
        <P Name="Ports">[1]</P>
        <P Name="Position">[1160, 804, 1190, 836]</P>
        <P Name="ZOrder">166</P>
        <P Name="ScopeSpecificationString">Simulink.scopes.TimeScopeBlockCfg(&apos;CurrentConfiguration&apos;, extmgr.ConfigurationSet(extmgr.Configuration(&apos;Core&apos;,&apos;General UI&apos;,true),extmgr.Configuration(&apos;Core&apos;,&apos;Source UI&apos;,true),extmgr.Configuration(&apos;Sources&apos;,&apos;WiredSimulink&apos;,true,&apos;DataLoggingVariableName&apos;,&apos;ScopeData2&apos;),extmgr.Configuration(&apos;Visuals&apos;,&apos;Time Domain&apos;,true,&apos;SerializedDisplays&apos;,{struct(&apos;MinYLimReal&apos;,&apos;-6.75286&apos;,&apos;MaxYLimReal&apos;,&apos;58.35955&apos;,&apos;YLabelReal&apos;,&apos;&apos;,&apos;MinYLimMag&apos;,&apos;0.00000&apos;,&apos;MaxYLimMag&apos;,&apos;58.35955&apos;,&apos;LegendVisibility&apos;,&apos;On&apos;,&apos;XGrid&apos;,true,&apos;YGrid&apos;,true,&apos;PlotMagPhase&apos;,false,&apos;AxesColor&apos;,[0 0 0],&apos;AxesTickColor&apos;,[0.686274509803922 0.686274509803922 0.686274509803922],&apos;ColorOrder&apos;,[1 1 0.0666666666666667;0.0745098039215686 0.623529411764706 1;1 0.411764705882353 0.16078431372549;0.392156862745098 0.831372549019608 0.0745098039215686;0.717647058823529 0.274509803921569 1;0.0588235294117647 1 1;1 0.0745098039215686 0.650980392156863],&apos;Title&apos;,&apos;%&lt;SignalLabel&gt;&apos;,&apos;LinePropertiesCache&apos;,{{}},&apos;UserDefinedChannelNames&apos;,{{}},&apos;NumLines&apos;,2,&apos;LineNames&apos;,{{&apos;Sinais de controle saturado&apos;,&apos;Sinais de controle não saturado&apos;}},&apos;ShowContent&apos;,true,&apos;Placement&apos;,1)},&apos;DisplayPropertyDefaults&apos;,struct(&apos;MinYLimReal&apos;,&apos;-6.75286&apos;,&apos;MaxYLimReal&apos;,&apos;58.35955&apos;,&apos;YLabelReal&apos;,&apos;&apos;,&apos;MinYLimMag&apos;,&apos;0.00000&apos;,&apos;MaxYLimMag&apos;,&apos;58.35955&apos;,&apos;LegendVisibility&apos;,&apos;On&apos;,&apos;XGrid&apos;,true,&apos;YGrid&apos;,true,&apos;PlotMagPhase&apos;,false,&apos;AxesColor&apos;,[0 0 0],&apos;AxesTickColor&apos;,[0.686274509803922 0.686274509803922 0.686274509803922],&apos;ColorOrder&apos;,[0.0745098039215686 0.623529411764706 1;1 0.411764705882353 0.16078431372549;1 1 0.0666666666666667;0.717647058823529 0.274509803921569 1;0.392156862745098 0.831372549019608 0.0745098039215686;0.0588235294117647 1 1;1 0.0745098039215686 0.650980392156863]),&apos;TimeRangeSamples&apos;,&apos;90&apos;,&apos;TimeRangeFrames&apos;,&apos;90&apos;),extmgr.Configuration(&apos;Tools&apos;,&apos;Plot Navigation&apos;,true,&apos;OnceAtStop&apos;,false),extmgr.Configuration(&apos;Tools&apos;,&apos;Measurements&apos;,true,&apos;Version&apos;,&apos;2015b&apos;)),&apos;Version&apos;,&apos;2015b&apos;,&apos;Position&apos;,[864 260 937 639])</P>
      </Block>
      <Block BlockType="Stop" Name="Stop Simulation" SID="394">
        <P Name="Position">[725, 802, 760, 838]</P>
        <P Name="ZOrder">188</P>
      </Block>
      <Block BlockType="Stop" Name="Stop Simulation2" SID="404">
        <P Name="Position">[715, 892, 750, 928]</P>
        <P Name="ZOrder">204</P>
      </Block>
      <Block BlockType="Sum" Name="Sum" SID="416">
        <P Name="Ports">[3, 1]</P>
        <P Name="Position">[1205, 1125, 1235, 1155]</P>
        <P Name="ZOrder">214</P>
        <P Name="ShowName">off</P>
        <P Name="IconShape">round</P>
        <P Name="Inputs">+|+|+</P>
        <P Name="InputSameDT">off</P>
        <P Name="OutDataTypeStr">Inherit: Inherit via internal rule</P>
        <P Name="SaturateOnIntegerOverflow">off</P>
      </Block>
      <Block BlockType="Sum" Name="Sum1" SID="417">
        <P Name="Ports">[2, 1]</P>
        <P Name="Position">[1380, 1025, 1400, 1045]</P>
        <P Name="ZOrder">216</P>
        <P Name="BlockMirror">on</P>
        <P Name="ShowName">off</P>
        <P Name="IconShape">round</P>
        <P Name="Inputs">+-</P>
        <P Name="InputSameDT">off</P>
        <P Name="OutDataTypeStr">Inherit: Inherit via internal rule</P>
        <P Name="SaturateOnIntegerOverflow">off</P>
      </Block>
      <Block BlockType="Sum" Name="Sum2" SID="418">
        <P Name="Ports">[2, 1]</P>
        <P Name="Position">[1515, 1055, 1535, 1075]</P>
        <P Name="ZOrder">219</P>
        <P Name="BlockRotation">270</P>
        <P Name="BlockMirror">on</P>
        <P Name="ShowName">off</P>
        <P Name="IconShape">round</P>
        <P Name="Inputs">-+|</P>
        <P Name="InputSameDT">off</P>
        <P Name="OutDataTypeStr">Inherit: Inherit via internal rule</P>
        <P Name="SaturateOnIntegerOverflow">off</P>
        <Port>
          <P Name="PortNumber">1</P>
          <P Name="Name">erro t1</P>
          <P Name="RTWStorageClass">Auto</P>
          <P Name="DataLoggingNameMode">SignalName</P>
        </Port>
      </Block>
      <Block BlockType="Sum" Name="Sum3" SID="419">
        <P Name="Ports">[2, 1]</P>
        <P Name="Position">[1535, 1130, 1555, 1150]</P>
        <P Name="ZOrder">220</P>
        <P Name="BlockRotation">270</P>
        <P Name="BlockMirror">on</P>
        <P Name="ShowName">off</P>
        <P Name="IconShape">round</P>
        <P Name="Inputs">-+|</P>
        <P Name="InputSameDT">off</P>
        <P Name="OutDataTypeStr">Inherit: Inherit via internal rule</P>
        <P Name="SaturateOnIntegerOverflow">off</P>
        <Port>
          <P Name="PortNumber">1</P>
          <P Name="Name">erro t2</P>
          <P Name="RTWStorageClass">Auto</P>
          <P Name="DataLoggingNameMode">SignalName</P>
        </Port>
      </Block>
      <Block BlockType="Sum" Name="Sum4" SID="396">
        <P Name="Ports">[3, 1]</P>
        <P Name="Position">[905, 608, 915, 692]</P>
        <P Name="ZOrder">186</P>
        <P Name="ShowName">off</P>
        <P Name="Inputs">-+-</P>
        <P Name="InputSameDT">off</P>
        <P Name="OutDataTypeStr">Inherit: Inherit via internal rule</P>
        <P Name="SaturateOnIntegerOverflow">off</P>
      </Block>
      <Block BlockType="Sum" Name="Sum5" SID="397">
        <P Name="Ports">[2, 1]</P>
        <P Name="Position">[305, 665, 325, 685]</P>
        <P Name="ZOrder">198</P>
        <P Name="ShowName">off</P>
        <P Name="IconShape">round</P>
        <P Name="Inputs">|+-</P>
        <P Name="InputSameDT">off</P>
        <P Name="OutDataTypeStr">Inherit: Inherit via internal rule</P>
        <P Name="SaturateOnIntegerOverflow">off</P>
      </Block>
      <Block BlockType="Sum" Name="Sum6" SID="401">
        <P Name="Ports">[2, 1]</P>
        <P Name="Position">[475, 665, 495, 685]</P>
        <P Name="ZOrder">202</P>
        <P Name="ShowName">off</P>
        <P Name="IconShape">round</P>
        <P Name="Inputs">|++</P>
        <P Name="InputSameDT">off</P>
        <P Name="OutDataTypeStr">Inherit: Inherit via internal rule</P>
        <P Name="SaturateOnIntegerOverflow">off</P>
        <Port>
          <P Name="PortNumber">1</P>
          <P Name="Name">Sinais de controle não saturado</P>
          <P Name="RTWStorageClass">Auto</P>
          <P Name="DataLoggingNameMode">SignalName</P>
        </Port>
      </Block>
      <Line>
        <P Name="Name">Nivel tank 1</P>
        <P Name="ZOrder">570</P>
        <P Name="Src">343#out:1</P>
        <P Name="Points">[93, 0]</P>
        <Branch>
          <P Name="ZOrder">707</P>
          <P Name="Labels">[1, 0]</P>
          <P Name="Points">[70, 0]</P>
          <Branch>
            <P Name="ZOrder">834</P>
            <P Name="Points">[0, 610; 87, 0]</P>
            <P Name="Dst">418#in:2</P>
          </Branch>
          <Branch>
            <P Name="ZOrder">833</P>
            <P Name="Points">[192, 0]</P>
            <P Name="Dst">342#in:2</P>
          </Branch>
        </Branch>
        <Branch>
          <P Name="ZOrder">698</P>
          <P Name="Points">[0, -82; -756, 0; 0, 197]</P>
          <Branch>
            <P Name="ZOrder">760</P>
            <P Name="Dst">381#in:1</P>
          </Branch>
          <Branch>
            <P Name="ZOrder">759</P>
            <P Name="Points">[0, 205]</P>
            <Branch>
              <P Name="ZOrder">700</P>
              <P Name="Points">[0, 75]</P>
              <P Name="Dst">382#in:1</P>
            </Branch>
            <Branch>
              <P Name="ZOrder">679</P>
              <P Name="Dst">379#in:1</P>
            </Branch>
          </Branch>
        </Branch>
      </Line>
      <Line>
        <P Name="ZOrder">574</P>
        <P Name="Src">342#out:1</P>
        <P Name="Dst">356#in:1</P>
      </Line>
      <Line>
        <P Name="Name">Nivel tank 2</P>
        <P Name="ZOrder">573</P>
        <P Name="Src">343#out:2</P>
        <P Name="Points">[14, 0]</P>
        <Branch>
          <P Name="ZOrder">706</P>
          <P Name="Points">[101, 0]</P>
          <Branch>
            <P Name="ZOrder">827</P>
            <P Name="Dst">417#in:1</P>
          </Branch>
          <Branch>
            <P Name="ZOrder">826</P>
            <P Name="Labels">[1, 0]</P>
            <P Name="Points">[71, 0]</P>
            <Branch>
              <P Name="ZOrder">837</P>
              <P Name="Points">[0, 517; 84, 0]</P>
              <P Name="Dst">419#in:2</P>
            </Branch>
            <Branch>
              <P Name="ZOrder">836</P>
              <P Name="Labels">[2, 1]</P>
              <P Name="Points">[0, -30]</P>
              <P Name="Dst">342#in:3</P>
            </Branch>
          </Branch>
        </Branch>
        <Branch>
          <P Name="ZOrder">705</P>
          <P Name="Points">[0, 479; -671, 0]</P>
          <Branch>
            <P Name="ZOrder">840</P>
            <P Name="Points">[-303, 0]</P>
            <P Name="Dst">397#in:2</P>
          </Branch>
          <Branch>
            <P Name="ZOrder">839</P>
            <P Name="Points">[0, -59]</P>
            <P Name="Dst">402#in:1</P>
          </Branch>
        </Branch>
      </Line>
      <Line>
        <P Name="ZOrder">588</P>
        <P Name="Src">364#out:1</P>
        <P Name="Dst">365#in:1</P>
      </Line>
      <Line>
        <P Name="Name">Referência</P>
        <P Name="ZOrder">687</P>
        <P Name="Src">339#out:1</P>
        <P Name="Points">[18, 0]</P>
        <Branch>
          <P Name="ZOrder">709</P>
          <P Name="Labels">[-1, 1]</P>
          <P Name="Points">[0, -371; 1146, 0; 0, 96]</P>
          <P Name="Dst">342#in:1</P>
        </Branch>
        <Branch>
          <P Name="ZOrder">708</P>
          <P Name="Dst">397#in:1</P>
        </Branch>
      </Line>
      <Line>
        <P Name="ZOrder">663</P>
        <P Name="Src">381#out:1</P>
        <P Name="Points">[24, 0; 0, 25]</P>
        <P Name="Dst">390#in:1</P>
      </Line>
      <Line>
        <P Name="ZOrder">664</P>
        <P Name="Src">378#out:1</P>
        <P Name="Points">[23, 0; 0, -25]</P>
        <P Name="Dst">390#in:2</P>
      </Line>
      <Line>
        <P Name="ZOrder">665</P>
        <P Name="Src">380#out:1</P>
        <P Name="Points">[24, 0; 0, 30]</P>
        <P Name="Dst">391#in:1</P>
      </Line>
      <Line>
        <P Name="ZOrder">666</P>
        <P Name="Src">379#out:1</P>
        <P Name="Points">[23, 0; 0, -25]</P>
        <P Name="Dst">391#in:2</P>
      </Line>
      <Line>
        <P Name="ZOrder">667</P>
        <P Name="Src">390#out:1</P>
        <P Name="Points">[74, 0; 0, 45]</P>
        <P Name="Dst">396#in:1</P>
      </Line>
      <Line>
        <P Name="ZOrder">668</P>
        <P Name="Src">391#out:1</P>
        <P Name="Dst">389#in:1</P>
      </Line>
      <Line>
        <P Name="ZOrder">669</P>
        <P Name="Src">389#out:1</P>
        <P Name="Points">[3, 0; 0, -35]</P>
        <P Name="Dst">396#in:3</P>
      </Line>
      <Line>
        <P Name="ZOrder">670</P>
        <P Name="Src">384#out:1</P>
        <P Name="Dst">396#in:2</P>
      </Line>
      <Line>
        <P Name="ZOrder">671</P>
        <P Name="Src">382#out:1</P>
        <P Name="Dst">394#in:1</P>
      </Line>
      <Line>
        <P Name="ZOrder">673</P>
        <P Name="Src">396#out:1</P>
        <P Name="Dst">392#in:1</P>
      </Line>
      <Line>
        <P Name="ZOrder">674</P>
        <P Name="Src">377#out:1</P>
        <P Name="Dst">392#in:2</P>
      </Line>
      <Line>
        <P Name="ZOrder">675</P>
        <P Name="Src">393#out:1</P>
        <P Name="Dst">392#in:3</P>
      </Line>
      <Line>
        <P Name="Name">Sinais de controle saturado</P>
        <P Name="ZOrder">761</P>
        <P Name="Src">392#out:1</P>
        <P Name="Points">[15, 0]</P>
        <Branch>
          <P Name="ZOrder">768</P>
          <P Name="Points">[0, 105; 3, 0]</P>
          <Branch>
            <P Name="ZOrder">830</P>
            <P Name="Points">[0, 355]</P>
            <P Name="Dst">408#in:1</P>
          </Branch>
          <Branch>
            <P Name="ZOrder">829</P>
            <P Name="Dst">364#in:1</P>
          </Branch>
        </Branch>
        <Branch>
          <P Name="ZOrder">767</P>
          <P Name="Labels">[1, 1]</P>
          <P Name="Points">[0, -220]</P>
          <P Name="Dst">343#in:1</P>
        </Branch>
      </Line>
      <Line>
        <P Name="ZOrder">688</P>
        <P Name="Src">397#out:1</P>
        <P Name="Dst">398#in:1</P>
      </Line>
      <Line>
        <P Name="ZOrder">689</P>
        <P Name="Src">398#out:1</P>
        <P Name="Dst">400#in:1</P>
      </Line>
      <Line>
        <P Name="ZOrder">690</P>
        <P Name="Src">400#out:1</P>
        <P Name="Dst">401#in:1</P>
      </Line>
      <Line>
        <P Name="Name">Sinais de controle não saturado</P>
        <P Name="ZOrder">692</P>
        <P Name="Src">401#out:1</P>
        <P Name="Points">[83, 0]</P>
        <Branch>
          <P Name="ZOrder">765</P>
          <P Name="Points">[0, 115]</P>
          <Branch>
            <P Name="ZOrder">770</P>
            <P Name="Labels">[2, 1]</P>
            <P Name="Points">[0, 85; 497, 0]</P>
            <P Name="Dst">364#in:2</P>
          </Branch>
          <Branch>
            <P Name="ZOrder">769</P>
            <P Name="Dst">406#in:1</P>
          </Branch>
        </Branch>
        <Branch>
          <P Name="ZOrder">757</P>
          <P Name="Dst">380#in:1</P>
        </Branch>
        <Branch>
          <P Name="ZOrder">695</P>
          <P Name="Points">[0, -70]</P>
          <P Name="Dst">378#in:1</P>
        </Branch>
      </Line>
      <Line>
        <P Name="ZOrder">702</P>
        <P Name="Src">402#out:1</P>
        <P Name="Dst">404#in:1</P>
      </Line>
      <Line>
        <P Name="ZOrder">710</P>
        <P Name="Src">358#out:1</P>
        <P Name="Points">[-425, 0]</P>
        <P Name="Dst">401#in:2</P>
      </Line>
      <Line>
        <P Name="ZOrder">766</P>
        <P Name="Src">406#out:1</P>
        <P Name="Points">[57, 0; 0, -80]</P>
        <P Name="Dst">392#in:4</P>
      </Line>
      <Line>
        <P Name="ZOrder">807</P>
        <P Name="Src">415#out:1</P>
        <P Name="Dst">411#in:1</P>
      </Line>
      <Line>
        <P Name="ZOrder">809</P>
        <P Name="Src">408#out:1</P>
        <P Name="Dst">416#in:2</P>
      </Line>
      <Line>
        <P Name="ZOrder">810</P>
        <P Name="Src">407#out:1</P>
        <P Name="Points">[-35, 0]</P>
        <P Name="Dst">416#in:3</P>
      </Line>
      <Line>
        <P Name="ZOrder">811</P>
        <P Name="Src">414#out:1</P>
        <P Name="Points">[-50, 0]</P>
        <P Name="Dst">416#in:1</P>
      </Line>
      <Line>
        <P Name="ZOrder">812</P>
        <P Name="Src">416#out:1</P>
        <P Name="Dst">413#in:1</P>
      </Line>
      <Line>
        <P Name="Name">Estimado</P>
        <P Name="ZOrder">819</P>
        <P Name="Src">413#out:1</P>
        <P Name="Points">[23, 0]</P>
        <Branch>
          <P Name="ZOrder">818</P>
          <P Name="Labels">[1, 1]</P>
          <P Name="Points">[0, 70]</P>
          <Branch>
            <P Name="ZOrder">817</P>
            <P Name="Points">[35, 0]</P>
            <Branch>
              <P Name="ZOrder">832</P>
              <P Name="Points">[0, 46; -379, 0; 0, -201]</P>
              <P Name="Dst">358#in:1</P>
            </Branch>
            <Branch>
              <P Name="ZOrder">831</P>
              <P Name="Points">[52, 0; 0, -95]</P>
              <Branch>
                <P Name="ZOrder">905</P>
                <P Name="Points">[0, -366; 208, 0; 0, -259]</P>
                <P Name="Dst">342#in:4</P>
              </Branch>
              <Branch>
                <P Name="ZOrder">816</P>
                <P Name="Dst">410#in:1</P>
              </Branch>
            </Branch>
          </Branch>
          <Branch>
            <P Name="ZOrder">814</P>
            <P Name="Dst">407#in:1</P>
          </Branch>
        </Branch>
        <Branch>
          <P Name="ZOrder">813</P>
          <P Name="Dst">409#in:1</P>
        </Branch>
      </Line>
      <Line>
        <P Name="ZOrder">820</P>
        <P Name="Src">417#out:1</P>
        <P Name="Dst">414#in:1</P>
      </Line>
      <Line>
        <P Name="ZOrder">821</P>
        <P Name="Src">409#out:1</P>
        <P Name="Points">[10, 0]</P>
        <P Name="Dst">417#in:2</P>
      </Line>
      <Line>
        <P Name="ZOrder">822</P>
        <P Name="Src">410#out:1</P>
        <P Name="Points">[5, 0]</P>
        <P Name="Dst">418#in:1</P>
      </Line>
      <Line>
        <P Name="Name">erro t1</P>
        <P Name="ZOrder">823</P>
        <P Name="Labels">[2, 1]</P>
        <P Name="Src">418#out:1</P>
        <P Name="Points">[0, 10]</P>
        <P Name="Dst">415#in:1</P>
      </Line>
      <Line>
        <P Name="ZOrder">824</P>
        <P Name="Src">410#out:2</P>
        <P Name="Dst">419#in:1</P>
      </Line>
      <Line>
        <P Name="Name">erro t2</P>
        <P Name="ZOrder">825</P>
        <P Name="Labels">[1, 1]</P>
        <P Name="Src">419#out:1</P>
        <P Name="Dst">415#in:2</P>
      </Line>
      <Annotation SID="357">
        <P Name="Name">Sistema de Tanques Acoplados</P>
        <P Name="Position">[1172, 370, 1352, 387]</P>
        <P Name="InternalMargins">[0, 0, 0, 0]</P>
        <P Name="FixedHeight">off</P>
        <P Name="FixedWidth">off</P>
        <P Name="ZOrder">-1</P>
        <P Name="FontName">Arial</P>
        <P Name="FontSize">12</P>
        <P Name="FontWeight">bold</P>
      </Annotation>
    </System>
  </Model>
</ModelInformation>
