<?xml version="1.0" encoding="UTF-8" standalone="yes" ?><cp:coreProperties xmlns:cp="http://schemas.openxmlformats.org/package/2006/metadata/core-properties" xmlns:dc="http://purl.org/dc/elements/1.1/" xmlns:dcmitype="http://purl.org/dc/dcmitype/" xmlns:dcterms="http://purl.org/dc/terms/" xmlns:xsi="http://www.w3.org/2001/XMLSchema-instance"><cp:category>Model</cp:category><dcterms:created xsi:type="dcterms:W3CDTF">2022-06-08T20:32:06Z</dcterms:created><dc:creator>luiz_</dc:creator><cp:lastModifiedBy>luiz_</cp:lastModifiedBy><dcterms:modified xsi:type="dcterms:W3CDTF">2022-06-09T00:54:25Z</dcterms:modified><cp:revision>1.18</cp:revision><cp:version>R2016a</cp:version></cp:coreProperties>