<?xml version="1.0" encoding="utf-8"?>
<ModelInformation Version="1.0">
  <Model>
    <P Name="SavedCharacterEncoding">windows-1252</P>
    <P Name="PostLoadFcn">qc_set_target_type(getConfigSet(bdroot, &apos;QUARC Default Target Configuration&apos;));</P>
    <P Name="ScopeRefreshTime">0.035000</P>
    <P Name="OverrideScopeRefreshTime">on</P>
    <P Name="DisableAllScopes">off</P>
    <P Name="DataTypeOverride">UseLocalSettings</P>
    <P Name="DataTypeOverrideAppliesTo">AllNumericTypes</P>
    <P Name="MinMaxOverflowLogging">UseLocalSettings</P>
    <P Name="MinMaxOverflowArchiveMode">Overwrite</P>
    <P Name="FPTRunName">Run 1</P>
    <P Name="MaxMDLFileLineLength">120</P>
    <P Name="UserBdParams">CheckForProblematicBlocks</P>
    <Object PropName="BdWindowsInfo" ObjectID="1" ClassName="Simulink.BDWindowsInfo">
      <Object PropName="WindowsInfo" ObjectID="2" ClassName="Simulink.WindowInfo">
        <P Name="IsActive" Class="logical">1</P>
        <P Name="Location" Class="double">[-8.0, -8.0, 1936.0, 1056.0]</P>
        <Object PropName="ModelBrowserInfo" ObjectID="3" ClassName="Simulink.ModelBrowserInfo">
          <P Name="Visible" Class="logical">0</P>
          <P Name="DockPosition" Class="char">Left</P>
          <P Name="Width" Class="int32">50</P>
          <P Name="Height" Class="int32">50</P>
          <P Name="Filter" Class="int32">9</P>
        </Object>
        <Object PropName="ExplorerBarInfo" ObjectID="4" ClassName="Simulink.ExplorerBarInfo">
          <P Name="Visible" Class="logical">1</P>
        </Object>
        <Object PropName="EditorsInfo" ObjectID="5" ClassName="Simulink.EditorInfo">
          <P Name="IsActive" Class="logical">1</P>
          <P Name="ViewObjType" Class="char">SimulinkTopLevel</P>
          <P Name="LoadSaveID" Class="char">0</P>
          <P Name="Extents" Class="double">[1886.0, 882.0]</P>
          <P Name="ZoomFactor" Class="double">1.0</P>
          <P Name="Offset" Class="double">[1491.7891780439352, -647.56149355159675]</P>
        </Object>
      </Object>
    </Object>
    <UserParameters>
      <P Name="CheckForProblematicBlocks">on</P>
    </UserParameters>
    <ConfigManagerSettings>
      <P Name="UpdateHistory">UpdateHistoryNever</P>
      <P Name="ModifiedByFormat">%&lt;Auto&gt;</P>
      <P Name="ModifiedDateFormat">%&lt;Auto&gt;</P>
      <P Name="RTWModifiedTimeStamp">577973704</P>
      <P Name="ModelVersionFormat">1.%&lt;AutoIncrement:297&gt;</P>
    </ConfigManagerSettings>
    <EditorSettings>
      <P Name="SampleTimeColors">off</P>
      <P Name="SampleTimeAnnotations">off</P>
      <P Name="LibraryLinkDisplay">none</P>
      <P Name="WideLines">off</P>
      <P Name="ShowLineDimensions">off</P>
      <P Name="ShowPortDataTypes">off</P>
      <P Name="ShowDesignRanges">off</P>
      <P Name="ShowLoopsOnError">on</P>
      <P Name="IgnoreBidirectionalLines">off</P>
      <P Name="ShowStorageClass">off</P>
      <P Name="ShowTestPointIcons">on</P>
      <P Name="ShowSignalResolutionIcons">on</P>
      <P Name="ShowViewerIcons">on</P>
      <P Name="SortedOrder">off</P>
      <P Name="ExecutionContextIcon">off</P>
      <P Name="ShowLinearizationAnnotations">on</P>
      <P Name="ShowVisualizeInsertedRTB">on</P>
      <P Name="ShowMarkup">on</P>
      <P Name="BlockNameDataTip">off</P>
      <P Name="BlockParametersDataTip">off</P>
      <P Name="BlockDescriptionStringDataTip">off</P>
      <P Name="ToolBar">on</P>
      <P Name="StatusBar">on</P>
      <P Name="BrowserShowLibraryLinks">off</P>
      <P Name="BrowserLookUnderMasks">off</P>
    </EditorSettings>
    <SimulationSettings>
      <P Name="SimulationMode">external</P>
      <P Name="PauseTimes">5</P>
      <P Name="NumberOfSteps">1</P>
      <P Name="SnapshotBufferSize">10</P>
      <P Name="SnapshotInterval">10</P>
      <P Name="NumberOfLastSnapshots">0</P>
      <P Name="LinearizationMsg">none</P>
      <P Name="Profile">off</P>
      <P Name="ParamWorkspaceSource">MATLABWorkspace</P>
      <P Name="AccelSystemTargetFile">accel.tlc</P>
      <P Name="AccelTemplateMakefile">accel_default_tmf</P>
      <P Name="AccelMakeCommand">make_rtw</P>
      <P Name="TryForcingSFcnDF">off</P>
      <Object PropName="DataLoggingOverride" ObjectID="6" ClassName="Simulink.SimulationData.ModelLoggingInfo">
        <P Name="model_" Class="char">coupled_tanks_s</P>
        <Array PropName="logAsSpecifiedByModels_" Type="Cell" Dimension="1*1">
          <Cell Class="char">coupled_tanks_s</Cell>
        </Array>
        <Array PropName="logAsSpecifiedByModelsSSIDs_" Type="Cell" Dimension="1*1">
          <Cell Class="char"></Cell>
        </Array>
      </Object>
    </SimulationSettings>
    <ExternalMode>
      <P Name="ExtModeBatchMode">off</P>
      <P Name="ExtModeEnableFloating">on</P>
      <P Name="ExtModeTrigType">manual</P>
      <P Name="ExtModeTrigMode">normal</P>
      <P Name="ExtModeTrigPort">1</P>
      <P Name="ExtModeTrigElement">any</P>
      <P Name="ExtModeTrigDuration">30000</P>
      <P Name="ExtModeTrigDurationFloating">auto</P>
      <P Name="ExtModeTrigHoldOff">0</P>
      <P Name="ExtModeTrigDelay">0</P>
      <P Name="ExtModeTrigDirection">rising</P>
      <P Name="ExtModeTrigLevel">0</P>
      <P Name="ExtModeArchiveMode">off</P>
      <P Name="ExtModeAutoIncOneShot">off</P>
      <P Name="ExtModeIncDirWhenArm">off</P>
      <P Name="ExtModeAddSuffixToVar">off</P>
      <P Name="ExtModeWriteAllDataToWs">off</P>
      <P Name="ExtModeArmWhenConnect">on</P>
      <P Name="ExtModeSkipDownloadWhenConnect">off</P>
      <P Name="ExtModeLogAll">on</P>
      <P Name="ExtModeAutoUpdateStatusClock">on</P>
    </ExternalMode>
    <ModelReferenceSettings>
      <P Name="ShowModelReferenceBlockVersion">off</P>
      <P Name="ShowModelReferenceBlockIO">off</P>
    </ModelReferenceSettings>
    <ConcurrentExecutionSettings>
      <Object PropName="DataTransfer" ObjectID="7" ClassName="Simulink.GlobalDataTransfer">
        <P Name="DefaultTransitionBetweenSyncTasks" Class="char">Ensure deterministic transfer (maximum delay)</P>
        <P Name="DefaultTransitionBetweenAsyncTasks" Class="char">Ensure data integrity only</P>
        <P Name="DefaultTransitionBetweenContTasks" Class="char">Ensure deterministic transfer (minimum delay)</P>
        <P Name="DefaultExtrapolationMethodBetweenContTasks" Class="char">None</P>
        <P Name="AutoInsertRateTranBlk" Class="logical">0</P>
      </Object>
      <P Name="ExplicitPartitioning">off</P>
    </ConcurrentExecutionSettings>
    <SystemDefaults>
      <P Name="PaperOrientation">landscape</P>
      <P Name="PaperPositionMode">auto</P>
      <P Name="PaperType">usletter</P>
      <P Name="PaperUnits">inches</P>
      <P Name="TiledPaperMargins">[0.500000, 0.500000, 0.500000, 0.500000]</P>
      <P Name="TiledPageScale">1</P>
      <P Name="ShowPageBoundaries">off</P>
      <P Name="ModelBrowserVisibility">off</P>
      <P Name="ModelBrowserWidth">200</P>
      <P Name="ScreenColor">white</P>
    </SystemDefaults>
    <BlockDefaults>
      <P Name="ForegroundColor">black</P>
      <P Name="BackgroundColor">white</P>
      <P Name="DropShadow">off</P>
      <P Name="NamePlacement">normal</P>
      <P Name="FontName">Helvetica</P>
      <P Name="FontSize">10</P>
      <P Name="FontWeight">normal</P>
      <P Name="FontAngle">normal</P>
      <P Name="ShowName">on</P>
      <P Name="BlockRotation">0</P>
      <P Name="BlockMirror">off</P>
    </BlockDefaults>
    <AnnotationDefaults>
      <P Name="HorizontalAlignment">center</P>
      <P Name="VerticalAlignment">middle</P>
      <P Name="ForegroundColor">black</P>
      <P Name="BackgroundColor">white</P>
      <P Name="DropShadow">off</P>
      <P Name="FontName">Helvetica</P>
      <P Name="FontSize">10</P>
      <P Name="FontWeight">normal</P>
      <P Name="FontAngle">normal</P>
      <P Name="UseDisplayTextAsClickCallback">off</P>
    </AnnotationDefaults>
    <LineDefaults>
      <P Name="FontName">Helvetica</P>
      <P Name="FontSize">9</P>
      <P Name="FontWeight">normal</P>
      <P Name="FontAngle">normal</P>
    </LineDefaults>
    <MaskDefaults>
      <P Name="SelfModifiable">off</P>
      <P Name="IconFrame">on</P>
      <P Name="IconOpaque">on</P>
      <P Name="RunInitForIconRedraw">off</P>
      <P Name="IconRotate">none</P>
      <P Name="PortRotate">default</P>
      <P Name="IconUnits">autoscale</P>
    </MaskDefaults>
    <MaskParameterDefaults>
      <P Name="Evaluate">on</P>
      <P Name="Tunable">on</P>
      <P Name="NeverSave">off</P>
      <P Name="Internal">off</P>
      <P Name="ReadOnly">off</P>
      <P Name="Enabled">on</P>
      <P Name="Visible">on</P>
      <P Name="ToolTip">on</P>
    </MaskParameterDefaults>
    <BlockParameterDefaults>
      <Block BlockType="Constant">
        <P Name="Value">1</P>
        <P Name="VectorParams1D">on</P>
        <P Name="SamplingMode">Sample based</P>
        <P Name="OutMin">[]</P>
        <P Name="OutMax">[]</P>
        <P Name="OutDataTypeStr">Inherit: Inherit from &apos;Constant value&apos;</P>
        <P Name="LockScale">off</P>
        <P Name="SampleTime">inf</P>
        <P Name="FramePeriod">inf</P>
        <P Name="PreserveConstantTs">off</P>
      </Block>
      <Block BlockType="Derivative">
        <P Name="CoefficientInTFapproximation">inf</P>
      </Block>
      <Block BlockType="From">
        <P Name="GotoTag">A</P>
        <P Name="IconDisplay">Tag</P>
        <P Name="TagVisibility">local</P>
      </Block>
      <Block BlockType="Gain">
        <P Name="Gain">1</P>
        <P Name="Multiplication">Element-wise(K.*u)</P>
        <P Name="ParamMin">[]</P>
        <P Name="ParamMax">[]</P>
        <P Name="ParamDataTypeStr">Inherit: Same as input</P>
        <P Name="OutMin">[]</P>
        <P Name="OutMax">[]</P>
        <P Name="OutDataTypeStr">Inherit: Same as input</P>
        <P Name="LockScale">off</P>
        <P Name="RndMeth">Floor</P>
        <P Name="SaturateOnIntegerOverflow">on</P>
        <P Name="SampleTime">-1</P>
      </Block>
      <Block BlockType="Goto">
        <P Name="GotoTag">A</P>
        <P Name="IconDisplay">Tag</P>
        <P Name="TagVisibility">local</P>
      </Block>
      <Block BlockType="Inport">
        <P Name="Port">1</P>
        <P Name="OutputFunctionCall">off</P>
        <P Name="OutMin">[]</P>
        <P Name="OutMax">[]</P>
        <P Name="OutDataTypeStr">Inherit: auto</P>
        <P Name="LockScale">off</P>
        <P Name="BusOutputAsStruct">off</P>
        <P Name="PortDimensions">-1</P>
        <P Name="VarSizeSig">Inherit</P>
        <P Name="SampleTime">-1</P>
        <P Name="SignalType">auto</P>
        <P Name="SamplingMode">auto</P>
        <P Name="LatchByDelayingOutsideSignal">off</P>
        <P Name="LatchInputForFeedbackSignals">off</P>
        <P Name="Interpolate">on</P>
      </Block>
      <Block BlockType="Integrator">
        <P Name="ExternalReset">none</P>
        <P Name="InitialConditionSource">internal</P>
        <P Name="InitialCondition">0</P>
        <P Name="LimitOutput">off</P>
        <P Name="UpperSaturationLimit">inf</P>
        <P Name="LowerSaturationLimit">-inf</P>
        <P Name="WrapState">off</P>
        <P Name="WrappedStateUpperValue">pi</P>
        <P Name="WrappedStateLowerValue">-pi</P>
        <P Name="ShowSaturationPort">off</P>
        <P Name="ShowStatePort">off</P>
        <P Name="AbsoluteTolerance">auto</P>
        <P Name="IgnoreLimit">off</P>
        <P Name="ZeroCross">on</P>
        <P Name="ContinuousStateAttributes">&apos;&apos;</P>
      </Block>
      <Block BlockType="Logic">
        <P Name="Operator">AND</P>
        <P Name="Inputs">2</P>
        <P Name="IconShape">rectangular</P>
        <P Name="AllPortsSameDT">on</P>
        <P Name="OutDataTypeStr">Inherit: Logical (see Configuration Parameters: Optimization)</P>
        <P Name="SampleTime">-1</P>
      </Block>
      <Block BlockType="MultiPortSwitch">
        <P Name="DataPortOrder">One-based contiguous</P>
        <P Name="Inputs">3</P>
        <P Name="DataPortIndices">{1,2,3}</P>
        <P Name="DataPortForDefault">Last data port</P>
        <P Name="DiagnosticForDefault">Error</P>
        <P Name="zeroidx">off</P>
        <P Name="InputSameDT">on</P>
        <P Name="OutMin">[]</P>
        <P Name="OutMax">[]</P>
        <P Name="OutDataTypeStr">Inherit: Inherit via internal rule</P>
        <P Name="LockScale">off</P>
        <P Name="RndMeth">Floor</P>
        <P Name="SaturateOnIntegerOverflow">on</P>
        <P Name="SampleTime">-1</P>
        <P Name="AllowDiffInputSizes">off</P>
      </Block>
      <Block BlockType="Mux">
        <P Name="Inputs">4</P>
        <P Name="DisplayOption">none</P>
        <P Name="UseBusObject">off</P>
        <P Name="BusObject">BusObject</P>
        <P Name="NonVirtualBus">off</P>
      </Block>
      <Block BlockType="Outport">
        <P Name="Port">1</P>
        <P Name="OutMin">[]</P>
        <P Name="OutMax">[]</P>
        <P Name="OutDataTypeStr">Inherit: auto</P>
        <P Name="LockScale">off</P>
        <P Name="BusOutputAsStruct">off</P>
        <P Name="PortDimensions">-1</P>
        <P Name="VarSizeSig">Inherit</P>
        <P Name="SampleTime">-1</P>
        <P Name="SignalType">auto</P>
        <P Name="SamplingMode">auto</P>
        <P Name="SourceOfInitialOutputValue">Dialog</P>
        <P Name="OutputWhenDisabled">held</P>
        <P Name="InitialOutput">[]</P>
      </Block>
      <Block BlockType="Saturate">
        <P Name="UpperLimitSource">Dialog</P>
        <P Name="UpperLimit">0.5</P>
        <P Name="LowerLimitSource">Dialog</P>
        <P Name="LowerLimit">-0.5</P>
        <P Name="LinearizeAsGain">on</P>
        <P Name="ZeroCross">on</P>
        <P Name="SampleTime">-1</P>
        <P Name="OutMin">[]</P>
        <P Name="OutMax">[]</P>
        <P Name="OutDataTypeStr">Inherit: Same as input</P>
        <P Name="LockScale">off</P>
        <P Name="RndMeth">Floor</P>
      </Block>
      <Block BlockType="Scope">
        <P Name="DefaultConfigurationName">Simulink.scopes.TimeScopeBlockCfg</P>
        <P Name="NumInputPorts">1</P>
        <P Name="Floating">off</P>
      </Block>
      <Block BlockType="Stop">
      </Block>
      <Block BlockType="SubSystem">
        <P Name="ShowPortLabels">FromPortIcon</P>
        <P Name="Permissions">ReadWrite</P>
        <P Name="PermitHierarchicalResolution">All</P>
        <P Name="TreatAsAtomicUnit">off</P>
        <P Name="MinAlgLoopOccurrences">off</P>
        <P Name="PropExecContextOutsideSubsystem">off</P>
        <P Name="CheckFcnCallInpInsideContextMsg">off</P>
        <P Name="SystemSampleTime">-1</P>
        <P Name="RTWSystemCode">Auto</P>
        <P Name="RTWFcnNameOpts">Auto</P>
        <P Name="RTWFileNameOpts">Auto</P>
        <P Name="FunctionInterfaceSpec">void_void</P>
        <P Name="FunctionWithSeparateData">off</P>
        <P Name="RTWMemSecFuncInitTerm">Inherit from model</P>
        <P Name="RTWMemSecFuncExecute">Inherit from model</P>
        <P Name="RTWMemSecDataConstants">Inherit from model</P>
        <P Name="RTWMemSecDataInternal">Inherit from model</P>
        <P Name="RTWMemSecDataParameters">Inherit from model</P>
        <P Name="SimViewingDevice">off</P>
        <P Name="DataTypeOverride">UseLocalSettings</P>
        <P Name="DataTypeOverrideAppliesTo">AllNumericTypes</P>
        <P Name="MinMaxOverflowLogging">UseLocalSettings</P>
        <P Name="Opaque">off</P>
        <P Name="MaskHideContents">off</P>
        <P Name="SFBlockType">NONE</P>
        <P Name="GeneratePreprocessorConditionals">off</P>
        <P Name="ContentPreviewEnabled">off</P>
        <P Name="IsWebBlock">off</P>
      </Block>
      <Block BlockType="Sum">
        <P Name="IconShape">rectangular</P>
        <P Name="Inputs">++</P>
        <P Name="CollapseMode">All dimensions</P>
        <P Name="CollapseDim">1</P>
        <P Name="InputSameDT">on</P>
        <P Name="AccumDataTypeStr">Inherit: Inherit via internal rule</P>
        <P Name="OutMin">[]</P>
        <P Name="OutMax">[]</P>
        <P Name="OutDataTypeStr">Inherit: Same as first input</P>
        <P Name="LockScale">off</P>
        <P Name="RndMeth">Floor</P>
        <P Name="SaturateOnIntegerOverflow">on</P>
        <P Name="SampleTime">-1</P>
      </Block>
    </BlockParameterDefaults>
    <System>
      <P Name="Location">[-8, -8, 1928, 1048]</P>
      <P Name="Open">on</P>
      <P Name="TiledPaperMargins">[0.500000, 0.500000, 0.500000, 0.500000]</P>
      <P Name="ZoomFactor">100</P>
      <P Name="ReportName">simulink-default.rpt</P>
      <P Name="SIDHighWatermark">338</P>
      <Block BlockType="Constant" Name="&#xA;" SID="236">
        <P Name="Position">[1995, 367, 2010, 383]</P>
        <P Name="ZOrder">69</P>
        <P Name="Value">3</P>
      </Block>
      <Block BlockType="Reference" Name="Compare&#xA;To Constant" SID="220">
        <P Name="Ports">[1, 1]</P>
        <P Name="Position">[1695, 295, 1725, 325]</P>
        <P Name="ZOrder">53</P>
        <P Name="LibraryVersion">1.358</P>
        <P Name="SourceBlock">simulink/Logic and Bit
Operations/Compare
To Constant</P>
        <P Name="SourceType">Compare To Constant</P>
        <InstanceData>
          <P Name="ContentPreviewEnabled">off</P>
          <P Name="relop">&lt;</P>
          <P Name="const">0</P>
          <P Name="OutDataTypeStr">boolean</P>
          <P Name="ZeroCross">on</P>
        </InstanceData>
      </Block>
      <Block BlockType="Reference" Name="Compare&#xA;To Constant1" SID="223">
        <P Name="Ports">[1, 1]</P>
        <P Name="Position">[1695, 435, 1725, 465]</P>
        <P Name="ZOrder">56</P>
        <P Name="LibraryVersion">1.358</P>
        <P Name="SourceBlock">simulink/Logic and Bit
Operations/Compare
To Constant</P>
        <P Name="SourceType">Compare To Constant</P>
        <InstanceData>
          <P Name="ContentPreviewEnabled">off</P>
          <P Name="relop">&gt;=</P>
          <P Name="const">28</P>
          <P Name="OutDataTypeStr">boolean</P>
          <P Name="ZeroCross">on</P>
        </InstanceData>
      </Block>
      <Block BlockType="Reference" Name="Compare&#xA;To Constant2" SID="226">
        <P Name="Ports">[1, 1]</P>
        <P Name="Position">[1695, 370, 1725, 400]</P>
        <P Name="ZOrder">59</P>
        <P Name="LibraryVersion">1.358</P>
        <P Name="SourceBlock">simulink/Logic and Bit
Operations/Compare
To Constant</P>
        <P Name="SourceType">Compare To Constant</P>
        <InstanceData>
          <P Name="ContentPreviewEnabled">off</P>
          <P Name="relop">&gt;=</P>
          <P Name="const">3</P>
          <P Name="OutDataTypeStr">boolean</P>
          <P Name="ZeroCross">on</P>
        </InstanceData>
      </Block>
      <Block BlockType="Reference" Name="Compare&#xA;To Constant3" SID="227">
        <P Name="Ports">[1, 1]</P>
        <P Name="Position">[1695, 230, 1725, 260]</P>
        <P Name="ZOrder">60</P>
        <P Name="LibraryVersion">1.358</P>
        <P Name="SourceBlock">simulink/Logic and Bit
Operations/Compare
To Constant</P>
        <P Name="SourceType">Compare To Constant</P>
        <InstanceData>
          <P Name="ContentPreviewEnabled">off</P>
          <P Name="relop">&lt;=</P>
          <P Name="const">2</P>
          <P Name="OutDataTypeStr">boolean</P>
          <P Name="ZeroCross">on</P>
        </InstanceData>
      </Block>
      <Block BlockType="Reference" Name="Compare&#xA;To Constant4" SID="228">
        <P Name="Ports">[1, 1]</P>
        <P Name="Position">[1695, 510, 1725, 540]</P>
        <P Name="ZOrder">61</P>
        <P Name="LibraryVersion">1.358</P>
        <P Name="SourceBlock">simulink/Logic and Bit
Operations/Compare
To Constant</P>
        <P Name="SourceType">Compare To Constant</P>
        <InstanceData>
          <P Name="ContentPreviewEnabled">off</P>
          <P Name="relop">&gt;=</P>
          <P Name="const">30</P>
          <P Name="OutDataTypeStr">boolean</P>
          <P Name="ZeroCross">on</P>
        </InstanceData>
      </Block>
      <Block BlockType="Reference" Name="Compare&#xA;To Constant5" SID="233">
        <P Name="Ports">[1, 1]</P>
        <P Name="Position">[1695, 595, 1725, 625]</P>
        <P Name="ZOrder">66</P>
        <P Name="LibraryVersion">1.358</P>
        <P Name="SourceBlock">simulink/Logic and Bit
Operations/Compare
To Constant</P>
        <P Name="SourceType">Compare To Constant</P>
        <InstanceData>
          <P Name="ContentPreviewEnabled">off</P>
          <P Name="relop">&gt;=</P>
          <P Name="const">30</P>
          <P Name="OutDataTypeStr">boolean</P>
          <P Name="ZeroCross">on</P>
        </InstanceData>
      </Block>
      <Block BlockType="Constant" Name="Constant1" SID="215">
        <P Name="Position">[1555, -365, 1585, -335]</P>
        <P Name="ZOrder">49</P>
        <P Name="Value">10</P>
      </Block>
      <Block BlockType="Constant" Name="Constant2" SID="231">
        <P Name="Position">[1860, 347, 1875, 363]</P>
        <P Name="ZOrder">64</P>
        <P Name="Value">3</P>
      </Block>
      <Block BlockType="Derivative" Name="Derivative" SID="207">
        <P Name="Position">[1695, -5, 1725, 25]</P>
        <P Name="ZOrder">47</P>
      </Block>
      <Block BlockType="Derivative" Name="Derivative1" SID="299">
        <P Name="Position">[1695, -295, 1725, -265]</P>
        <P Name="ZOrder">114</P>
      </Block>
      <Block BlockType="From" Name="From" SID="245">
        <P Name="Position">[1985, 436, 2025, 464]</P>
        <P Name="ZOrder">78</P>
        <P Name="GotoTag">SA</P>
      </Block>
      <Block BlockType="From" Name="From1" SID="261">
        <P Name="Position">[2465, -244, 2505, -216]</P>
        <P Name="ZOrder">92</P>
        <P Name="GotoTag">ski</P>
      </Block>
      <Block BlockType="From" Name="From10" SID="314">
        <P Name="Position">[1555, -4, 1595, 24]</P>
        <P Name="ZOrder">124</P>
        <P Name="GotoTag">T1</P>
      </Block>
      <Block BlockType="From" Name="From11" SID="315">
        <P Name="Position">[2465, -399, 2505, -371]</P>
        <P Name="ZOrder">127</P>
        <P Name="GotoTag">ski1</P>
      </Block>
      <Block BlockType="From" Name="From12" SID="316">
        <P Name="Position">[2465, -364, 2505, -336]</P>
        <P Name="ZOrder">128</P>
        <P Name="GotoTag">skp1</P>
      </Block>
      <Block BlockType="From" Name="From13" SID="317">
        <P Name="Position">[2465, -334, 2505, -306]</P>
        <P Name="ZOrder">129</P>
        <P Name="GotoTag">skd1</P>
      </Block>
      <Block BlockType="From" Name="From14" SID="318">
        <P Name="Position">[2465, -299, 2505, -271]</P>
        <P Name="ZOrder">130</P>
        <P Name="GotoTag">NS1</P>
      </Block>
      <Block BlockType="From" Name="From15" SID="327">
        <P Name="Position">[2465, -89, 2505, -61]</P>
        <P Name="ZOrder">139</P>
        <P Name="GotoTag">IN</P>
      </Block>
      <Block BlockType="From" Name="From16" SID="328">
        <P Name="Position">[2465, -54, 2505, -26]</P>
        <P Name="ZOrder">140</P>
        <P Name="GotoTag">OUT</P>
      </Block>
      <Block BlockType="From" Name="From17" SID="329">
        <P Name="Position">[2465, -24, 2505, 4]</P>
        <P Name="ZOrder">141</P>
        <P Name="GotoTag">T1</P>
      </Block>
      <Block BlockType="From" Name="From18" SID="330">
        <P Name="Position">[2465, 11, 2505, 39]</P>
        <P Name="ZOrder">142</P>
        <P Name="GotoTag">T2</P>
      </Block>
      <Block BlockType="From" Name="From2" SID="263">
        <P Name="Position">[2465, -209, 2505, -181]</P>
        <P Name="ZOrder">94</P>
        <P Name="GotoTag">skp</P>
      </Block>
      <Block BlockType="From" Name="From3" SID="264">
        <P Name="Position">[2465, -179, 2505, -151]</P>
        <P Name="ZOrder">95</P>
        <P Name="GotoTag">skd</P>
      </Block>
      <Block BlockType="From" Name="From4" SID="265">
        <P Name="Position">[2465, -144, 2505, -116]</P>
        <P Name="ZOrder">96</P>
        <P Name="GotoTag">SA</P>
      </Block>
      <Block BlockType="From" Name="From5" SID="294">
        <P Name="Position">[1600, 596, 1640, 624]</P>
        <P Name="ZOrder">104</P>
        <P Name="GotoTag">T2</P>
      </Block>
      <Block BlockType="From" Name="From6" SID="295">
        <P Name="Position">[1600, 436, 1640, 464]</P>
        <P Name="ZOrder">105</P>
        <P Name="GotoTag">T1</P>
      </Block>
      <Block BlockType="From" Name="From7" SID="298">
        <P Name="Position">[1600, 341, 1640, 369]</P>
        <P Name="ZOrder">108</P>
        <P Name="GotoTag">NS</P>
      </Block>
      <Block BlockType="From" Name="From8" SID="312">
        <P Name="Position">[1555, -74, 1595, -46]</P>
        <P Name="ZOrder">122</P>
        <P Name="GotoTag">NS1</P>
      </Block>
      <Block BlockType="From" Name="From9" SID="313">
        <P Name="Position">[1555, -304, 1595, -276]</P>
        <P Name="ZOrder">123</P>
        <P Name="GotoTag">T2</P>
      </Block>
      <Block BlockType="Goto" Name="Goto" SID="246">
        <P Name="Position">[2335, -75, 2375, -45]</P>
        <P Name="ZOrder">79</P>
        <P Name="GotoTag">SA</P>
      </Block>
      <Block BlockType="Goto" Name="Goto1" SID="258">
        <P Name="Position">[2025, -175, 2065, -145]</P>
        <P Name="ZOrder">89</P>
        <P Name="GotoTag">ski</P>
      </Block>
      <Block BlockType="Goto" Name="Goto10" SID="303">
        <P Name="Position">[2025, -325, 2065, -295]</P>
        <P Name="ZOrder">120</P>
        <P Name="GotoTag">skd1</P>
      </Block>
      <Block BlockType="Goto" Name="Goto11" SID="304">
        <P Name="Position">[2250, -365, 2290, -335]</P>
        <P Name="ZOrder">121</P>
        <P Name="GotoTag">NS1</P>
      </Block>
      <Block BlockType="Goto" Name="Goto12" SID="322">
        <P Name="Position">[2435, 230, 2475, 260]</P>
        <P Name="ZOrder">132</P>
        <P Name="GotoTag">OUT</P>
      </Block>
      <Block BlockType="Goto" Name="Goto2" SID="259">
        <P Name="Position">[2025, -110, 2065, -80]</P>
        <P Name="ZOrder">90</P>
        <P Name="GotoTag">skp</P>
      </Block>
      <Block BlockType="Goto" Name="Goto3" SID="260">
        <P Name="Position">[2025, -35, 2065, -5]</P>
        <P Name="ZOrder">91</P>
        <P Name="GotoTag">skd</P>
      </Block>
      <Block BlockType="Goto" Name="Goto4" SID="292">
        <P Name="Position">[2435, 335, 2475, 365]</P>
        <P Name="ZOrder">102</P>
        <P Name="GotoTag">T1</P>
      </Block>
      <Block BlockType="Goto" Name="Goto5" SID="293">
        <P Name="Position">[2435, 400, 2475, 430]</P>
        <P Name="ZOrder">103</P>
        <P Name="GotoTag">T2</P>
      </Block>
      <Block BlockType="Goto" Name="Goto6" SID="296">
        <P Name="Position">[2250, -25, 2290, 5]</P>
        <P Name="ZOrder">106</P>
        <P Name="GotoTag">NS</P>
      </Block>
      <Block BlockType="Goto" Name="Goto7" SID="321">
        <P Name="Position">[1685, -505, 1725, -475]</P>
        <P Name="ZOrder">131</P>
        <P Name="GotoTag">IN</P>
      </Block>
      <Block BlockType="Goto" Name="Goto8" SID="301">
        <P Name="Position">[2025, -465, 2065, -435]</P>
        <P Name="ZOrder">118</P>
        <P Name="GotoTag">ski1</P>
      </Block>
      <Block BlockType="Goto" Name="Goto9" SID="302">
        <P Name="Position">[2025, -400, 2065, -370]</P>
        <P Name="ZOrder">119</P>
        <P Name="GotoTag">skp1</P>
      </Block>
      <Block BlockType="Integrator" Name="Integrator" SID="208">
        <P Name="Ports">[1, 1]</P>
        <P Name="Position">[1695, -145, 1725, -115]</P>
        <P Name="ZOrder">48</P>
      </Block>
      <Block BlockType="Integrator" Name="Integrator1" SID="305">
        <P Name="Ports">[1, 1]</P>
        <P Name="Position">[1695, -435, 1725, -405]</P>
        <P Name="ZOrder">115</P>
      </Block>
      <Block BlockType="Integrator" Name="Integrator2" SID="334">
        <P Name="Ports">[1, 1]</P>
        <P Name="Position">[1905, -145, 1935, -115]</P>
        <P Name="ZOrder">145</P>
      </Block>
      <Block BlockType="Gain" Name="K2" SID="229">
        <P Name="Position">[1850, 405, 1880, 435]</P>
        <P Name="ZOrder">62</P>
        <P Name="Gain">2</P>
        <P Name="ParamDataTypeStr">Inherit: Inherit via internal rule</P>
        <P Name="OutDataTypeStr">Inherit: Inherit via internal rule</P>
        <P Name="SaturateOnIntegerOverflow">off</P>
      </Block>
      <Block BlockType="Gain" Name="KAW&#xA;" SID="335">
        <P Name="Position">[1905, -210, 1935, -180]</P>
        <P Name="ZOrder">144</P>
        <P Name="BlockMirror">on</P>
        <P Name="Gain">0.05</P>
        <P Name="ParamDataTypeStr">Inherit: Inherit via internal rule</P>
        <P Name="OutDataTypeStr">Inherit: Inherit via internal rule</P>
        <P Name="SaturateOnIntegerOverflow">off</P>
      </Block>
      <Block BlockType="Gain" Name="Kd&#xA;" SID="205">
        <P Name="Position">[1775, -5, 1805, 25]</P>
        <P Name="ZOrder">45</P>
        <P Name="Gain">0</P>
        <P Name="ParamDataTypeStr">Inherit: Inherit via internal rule</P>
        <P Name="OutDataTypeStr">Inherit: Inherit via internal rule</P>
        <P Name="SaturateOnIntegerOverflow">off</P>
      </Block>
      <Block BlockType="Gain" Name="Kd&#xA;1" SID="306">
        <P Name="Position">[1775, -295, 1805, -265]</P>
        <P Name="ZOrder">112</P>
        <P Name="Gain">0.02</P>
        <P Name="ParamDataTypeStr">Inherit: Inherit via internal rule</P>
        <P Name="OutDataTypeStr">Inherit: Inherit via internal rule</P>
        <P Name="SaturateOnIntegerOverflow">off</P>
      </Block>
      <Block BlockType="Gain" Name="Ki&#xA;&#xA;" SID="206">
        <P Name="Position">[1775, -145, 1805, -115]</P>
        <P Name="ZOrder">46</P>
        <P Name="Gain">0.2</P>
        <P Name="ParamDataTypeStr">Inherit: Inherit via internal rule</P>
        <P Name="OutDataTypeStr">Inherit: Inherit via internal rule</P>
        <P Name="SaturateOnIntegerOverflow">off</P>
      </Block>
      <Block BlockType="Gain" Name="Ki&#xA;&#xA;1" SID="307">
        <P Name="Position">[1775, -435, 1805, -405]</P>
        <P Name="ZOrder">113</P>
        <P Name="Gain">0.1</P>
        <P Name="ParamDataTypeStr">Inherit: Inherit via internal rule</P>
        <P Name="OutDataTypeStr">Inherit: Inherit via internal rule</P>
        <P Name="SaturateOnIntegerOverflow">off</P>
      </Block>
      <Block BlockType="Gain" Name="Kp&#xA;" SID="195">
        <P Name="Position">[1775, -75, 1805, -45]</P>
        <P Name="ZOrder">43</P>
        <P Name="Gain">3</P>
        <P Name="ParamDataTypeStr">Inherit: Inherit via internal rule</P>
        <P Name="OutDataTypeStr">Inherit: Inherit via internal rule</P>
        <P Name="SaturateOnIntegerOverflow">off</P>
      </Block>
      <Block BlockType="Gain" Name="Kp&#xA;1" SID="308">
        <P Name="Position">[1775, -365, 1805, -335]</P>
        <P Name="ZOrder">110</P>
        <P Name="Gain">2</P>
        <P Name="ParamDataTypeStr">Inherit: Inherit via internal rule</P>
        <P Name="OutDataTypeStr">Inherit: Inherit via internal rule</P>
        <P Name="SaturateOnIntegerOverflow">off</P>
      </Block>
      <Block BlockType="Logic" Name="Logical&#xA;Operator" SID="222">
        <P Name="Ports">[2, 1]</P>
        <P Name="Position">[1780, 262, 1810, 293]</P>
        <P Name="ZOrder">55</P>
        <P Name="AllPortsSameDT">off</P>
        <P Name="OutDataTypeStr">boolean</P>
      </Block>
      <Block BlockType="Logic" Name="Logical&#xA;Operator1" SID="225">
        <P Name="Ports">[2, 1]</P>
        <P Name="Position">[1780, 402, 1810, 433]</P>
        <P Name="ZOrder">58</P>
        <P Name="AllPortsSameDT">off</P>
        <P Name="OutDataTypeStr">boolean</P>
      </Block>
      <Block BlockType="MultiPortSwitch" Name="Multiport&#xA;Switch" SID="235">
        <P Name="Ports">[4, 1]</P>
        <P Name="Position">[2075, 348, 2105, 422]</P>
        <P Name="ZOrder">68</P>
        <P Name="InputSameDT">off</P>
        <P Name="SaturateOnIntegerOverflow">off</P>
      </Block>
      <Block BlockType="Mux" Name="Mux1" SID="256">
        <P Name="Ports">[4, 1]</P>
        <P Name="Position">[2570, -199, 2575, -161]</P>
        <P Name="ZOrder">88</P>
        <P Name="ShowName">off</P>
        <P Name="DisplayOption">bar</P>
      </Block>
      <Block BlockType="Mux" Name="Mux2" SID="319">
        <P Name="Ports">[4, 1]</P>
        <P Name="Position">[2570, -354, 2575, -316]</P>
        <P Name="ZOrder">126</P>
        <P Name="ShowName">off</P>
        <P Name="DisplayOption">bar</P>
      </Block>
      <Block BlockType="Mux" Name="Mux3" SID="331">
        <P Name="Ports">[4, 1]</P>
        <P Name="Position">[2570, -44, 2575, -6]</P>
        <P Name="ZOrder">138</P>
        <P Name="ShowName">off</P>
        <P Name="DisplayOption">bar</P>
      </Block>
      <Block BlockType="Constant" Name="OFF" SID="237">
        <P Name="Position">[1995, 387, 2010, 403]</P>
        <P Name="ZOrder">70</P>
        <P Name="Value">0</P>
      </Block>
      <Block BlockType="SubSystem" Name="PLANTA" SID="99">
        <P Name="Ports">[1, 2]</P>
        <P Name="Position">[2195, 319, 2390, 446]</P>
        <P Name="ZOrder">-20</P>
        <P Name="BackgroundColor">green</P>
        <P Name="FontName">Arial</P>
        <P Name="FontSize">12</P>
        <P Name="FontWeight">bold</P>
        <P Name="RequestExecContextInheritance">off</P>
        <P Name="Variant">off</P>
        <System>
          <P Name="Location">[-8, 0, 1928, 1056]</P>
          <P Name="Open">off</P>
          <P Name="TiledPaperMargins">[0.500000, 0.500000, 0.500000, 0.500000]</P>
          <P Name="ZoomFactor">100</P>
          <Block BlockType="Inport" Name="Vp" SID="100">
            <P Name="Position">[20, 248, 50, 262]</P>
            <P Name="ZOrder">25</P>
            <P Name="IconDisplay">Port number</P>
          </Block>
          <Block BlockType="Reference" Name="HIL Initialize" SID="35">
            <P Name="Ports">[]</P>
            <P Name="Position">[360, 39, 444, 114]</P>
            <P Name="ZOrder">-2</P>
            <P Name="AttributesFormatString">%&lt;object_name&gt; (%&lt;board_type&gt;-%&lt;board_number&gt;)</P>
            <P Name="LibraryVersion">1.1573</P>
            <P Name="UserDataPersistent">on</P>
            <P Name="UserData" Ref="bdmxdata:UserData_35"></P>
            <P Name="SourceBlock">quarc_library/Data Acquisition/Generic/Configuration/HIL Initialize</P>
            <P Name="SourceType">HIL Initialize</P>
            <InstanceData>
              <P Name="object_name">HIL-1</P>
              <P Name="board_type">q8_usb</P>
              <P Name="board_number">0</P>
              <P Name="board_options">update_rate=normal;decimation=1</P>
              <P Name="exclusive">off</P>
              <P Name="active">off</P>
              <P Name="hardware_clocks">[0:2]</P>
              <P Name="clock_modes">[]</P>
              <P Name="initial_clock_frequencies">[]</P>
              <P Name="set_clock_params_at_start">off</P>
              <P Name="set_clock_params_at_switch_in">off</P>
              <P Name="set_clock_frequencies_at_start">off</P>
              <P Name="set_clock_frequencies_at_switch_in">off</P>
              <P Name="analog_input_channels">[0:7]</P>
              <P Name="analog_input_maximums">10</P>
              <P Name="analog_input_minimums">-10</P>
              <P Name="set_analog_input_params_at_start">on</P>
              <P Name="set_analog_input_params_at_switch_in">off</P>
              <P Name="analog_output_channels">[0:7]</P>
              <P Name="analog_output_maximums">10</P>
              <P Name="analog_output_minimums">-10</P>
              <P Name="initial_analog_outputs">[0]</P>
              <P Name="final_analog_outputs">[0]</P>
              <P Name="watchdog_analog_outputs">0</P>
              <P Name="set_analog_output_params_at_start">on</P>
              <P Name="set_analog_output_params_at_switch_in">off</P>
              <P Name="set_analog_outputs_at_start">on</P>
              <P Name="set_analog_outputs_at_switch_in">off</P>
              <P Name="set_analog_outputs_at_terminate">on</P>
              <P Name="set_analog_outputs_at_switch_out">off</P>
              <P Name="set_analog_outputs_on_watchdog">off</P>
              <P Name="digital_input_channels">[]</P>
              <P Name="digital_output_channels">[]</P>
              <P Name="digital_output_configuration">[]</P>
              <P Name="initial_digital_outputs">[1]</P>
              <P Name="final_digital_outputs">[1]</P>
              <P Name="watchdog_digital_outputs">[1]</P>
              <P Name="set_digital_output_params_at_start">off</P>
              <P Name="set_digital_output_params_at_switch_in">off</P>
              <P Name="set_digital_outputs_at_start">on</P>
              <P Name="set_digital_outputs_at_switch_in">off</P>
              <P Name="set_digital_outputs_at_terminate">on</P>
              <P Name="set_digital_outputs_at_switch_out">off</P>
              <P Name="set_digital_outputs_on_watchdog">off</P>
              <P Name="encoder_channels">[0:7]</P>
              <P Name="quadrature">[4]</P>
              <P Name="encoder_filter_frequency">[]</P>
              <P Name="initial_encoder_counts">[0]</P>
              <P Name="set_encoder_params_at_start">on</P>
              <P Name="set_encoder_params_at_switch_in">off</P>
              <P Name="set_encoder_counts_at_start">on</P>
              <P Name="set_encoder_counts_at_switch_in">off</P>
              <P Name="pwm_channels">[0:7]</P>
              <P Name="pwm_modes">0</P>
              <P Name="pwm_frequency">99.532799999999995e6/4095</P>
              <P Name="pwm_configuration">[0]</P>
              <P Name="pwm_alignment">[0]</P>
              <P Name="pwm_polarity">[1]</P>
              <P Name="pwm_leading_deadband">[0]</P>
              <P Name="pwm_trailing_deadband">[0]</P>
              <P Name="initial_pwm_outputs">[0]</P>
              <P Name="final_pwm_outputs">[0]</P>
              <P Name="watchdog_pwm_outputs">[0]</P>
              <P Name="set_pwm_params_at_start">on</P>
              <P Name="set_pwm_params_at_switch_in">off</P>
              <P Name="set_pwm_outputs_at_start">on</P>
              <P Name="set_pwm_outputs_at_switch_in">off</P>
              <P Name="set_pwm_outputs_at_terminate">on</P>
              <P Name="set_pwm_outputs_at_switch_out">off</P>
              <P Name="set_pwm_outputs_on_watchdog">off</P>
              <P Name="other_output_channels">[]</P>
              <P Name="initial_other_outputs">[]</P>
              <P Name="final_other_outputs">[]</P>
              <P Name="watchdog_other_outputs">[]</P>
              <P Name="set_other_outputs_at_start">off</P>
              <P Name="set_other_outputs_at_switch_in">off</P>
              <P Name="set_other_outputs_at_terminate">off</P>
              <P Name="set_other_outputs_at_switch_out">off</P>
              <P Name="set_other_outputs_on_watchdog">off</P>
            </InstanceData>
          </Block>
          <Block BlockType="Reference" Name="HIL Read Analog" SID="50">
            <P Name="Ports">[0, 2]</P>
            <P Name="Position">[500, 224, 585, 286]</P>
            <P Name="ZOrder">-12</P>
            <P Name="AttributesFormatString">(%&lt;object_name&gt;)</P>
            <P Name="LibraryVersion">1.1573</P>
            <P Name="UserDataPersistent">on</P>
            <P Name="UserData" Ref="bdmxdata:UserData_50"></P>
            <P Name="SourceBlock">quarc_library/Data Acquisition/Generic/Immediate I//O/HIL Read Analog</P>
            <P Name="SourceType">HIL Read Analog</P>
            <InstanceData>
              <P Name="object_name">HIL-1</P>
              <P Name="channels">[0:1]</P>
              <P Name="sample_time">qc_get_step_size</P>
              <P Name="active">on</P>
              <P Name="vector_output">off</P>
            </InstanceData>
          </Block>
          <Block BlockType="Reference" Name="HIL Write Analog" SID="36">
            <P Name="Ports">[1]</P>
            <P Name="Position">[245, 224, 330, 286]</P>
            <P Name="ZOrder">-5</P>
            <P Name="AttributesFormatString">(%&lt;object_name&gt;)</P>
            <P Name="LibraryVersion">1.1573</P>
            <P Name="UserDataPersistent">on</P>
            <P Name="UserData" Ref="bdmxdata:UserData_36"></P>
            <P Name="SourceBlock">quarc_library/Data Acquisition/Generic/Immediate I//O/HIL Write Analog</P>
            <P Name="SourceType">HIL Write Analog</P>
            <InstanceData>
              <P Name="object_name">HIL-1</P>
              <P Name="channels">0</P>
              <P Name="sample_time">-1</P>
              <P Name="active">off</P>
              <P Name="vector_input">off</P>
            </InstanceData>
          </Block>
          <Block BlockType="Gain" Name="Volts to cm&#xA;Tank 1 " SID="51">
            <P Name="Position">[730, 218, 790, 262]</P>
            <P Name="ZOrder">24</P>
            <P Name="Gain">30/4.8</P>
            <P Name="ParamDataTypeStr">Inherit: Inherit via internal rule</P>
            <P Name="OutDataTypeStr">Inherit: Inherit via internal rule</P>
            <P Name="SaturateOnIntegerOverflow">off</P>
          </Block>
          <Block BlockType="Gain" Name="Volts to cm&#xA;Tank 2" SID="73">
            <P Name="Position">[730, 343, 785, 387]</P>
            <P Name="ZOrder">24</P>
            <P Name="Gain">30/4.8</P>
            <P Name="ParamDataTypeStr">Inherit: Inherit via internal rule</P>
            <P Name="OutDataTypeStr">Inherit: Inherit via internal rule</P>
            <P Name="SaturateOnIntegerOverflow">off</P>
          </Block>
          <Block BlockType="Outport" Name="Nível Tank 1" SID="101">
            <P Name="Position">[865, 233, 895, 247]</P>
            <P Name="ZOrder">26</P>
            <P Name="IconDisplay">Port number</P>
          </Block>
          <Block BlockType="Outport" Name="Nível Tank 2" SID="102">
            <P Name="Position">[865, 358, 895, 372]</P>
            <P Name="ZOrder">27</P>
            <P Name="Port">2</P>
            <P Name="IconDisplay">Port number</P>
          </Block>
          <Line>
            <P Name="ZOrder">4</P>
            <P Name="Src">50#out:1</P>
            <P Name="Dst">51#in:1</P>
          </Line>
          <Line>
            <P Name="ZOrder">29</P>
            <P Name="Src">50#out:2</P>
            <P Name="Points">[110, 0; 0, 95]</P>
            <P Name="Dst">73#in:1</P>
          </Line>
          <Line>
            <P Name="ZOrder">51</P>
            <P Name="Src">100#out:1</P>
            <P Name="Dst">36#in:1</P>
          </Line>
          <Line>
            <P Name="ZOrder">52</P>
            <P Name="Src">51#out:1</P>
            <P Name="Dst">101#in:1</P>
          </Line>
          <Line>
            <P Name="ZOrder">53</P>
            <P Name="Src">73#out:1</P>
            <P Name="Dst">102#in:1</P>
          </Line>
          <Annotation SID="86">
            <P Name="Name">Select  your data acquisition device here</P>
            <P Name="Position">[415, 23, 646, 40]</P>
            <P Name="InternalMargins">[0, 0, 0, 0]</P>
            <P Name="FixedHeight">off</P>
            <P Name="FixedWidth">off</P>
            <P Name="ZOrder">-1</P>
            <P Name="FontName">Arial</P>
            <P Name="FontSize">12</P>
            <P Name="FontWeight">bold</P>
          </Annotation>
          <Annotation SID="87">
            <P Name="Name">Apply voltage to pump.
Connected via amplifier set with Gain 3x 
to  Analog Output #0</P>
            <P Name="Position">[234, 193, 467, 240]</P>
            <P Name="InternalMargins">[0, 0, 0, 0]</P>
            <P Name="FixedHeight">off</P>
            <P Name="FixedWidth">off</P>
            <P Name="ZOrder">-2</P>
            <P Name="FontSize">12</P>
            <P Name="FontWeight">bold</P>
            <P Name="FontAngle">italic</P>
          </Annotation>
          <Annotation SID="88">
            <P Name="Name">Measure Tank 2 level using pressure sensor.
Connected to Analog Input #1</P>
            <P Name="Position">[568, 340, 823, 372]</P>
            <P Name="InternalMargins">[0, 0, 0, 0]</P>
            <P Name="FixedHeight">off</P>
            <P Name="FixedWidth">off</P>
            <P Name="ZOrder">-3</P>
            <P Name="FontName">Arial</P>
            <P Name="FontSize">12</P>
            <P Name="FontWeight">bold</P>
          </Annotation>
          <Annotation SID="89">
            <P Name="Name">Measure Tank 1 level using pressure sensor.
Connected to Analog Input #0</P>
            <P Name="Position">[568, 205, 823, 237]</P>
            <P Name="InternalMargins">[0, 0, 0, 0]</P>
            <P Name="FixedHeight">off</P>
            <P Name="FixedWidth">off</P>
            <P Name="ZOrder">-4</P>
            <P Name="FontName">Arial</P>
            <P Name="FontSize">12</P>
            <P Name="FontWeight">bold</P>
          </Annotation>
        </System>
      </Block>
      <Block BlockType="Saturate" Name="Saturation" SID="184">
        <P Name="Ports">[1, 1]</P>
        <P Name="Position">[2255, -75, 2285, -45]</P>
        <P Name="ZOrder">10</P>
        <P Name="InputPortMap">u0</P>
        <P Name="UpperLimit">4</P>
        <P Name="LowerLimit">-4</P>
      </Block>
      <Block BlockType="Scope" Name="Scope1" SID="257">
        <P Name="Ports">[1]</P>
        <P Name="Position">[2595, -196, 2620, -164]</P>
        <P Name="ZOrder">87</P>
        <P Name="ScopeSpecificationString">Simulink.scopes.TimeScopeBlockCfg(&apos;CurrentConfiguration&apos;, extmgr.ConfigurationSet(extmgr.Configuration(&apos;Core&apos;,&apos;General UI&apos;,true),extmgr.Configuration(&apos;Core&apos;,&apos;Source UI&apos;,true),extmgr.Configuration(&apos;Sources&apos;,&apos;WiredSimulink&apos;,true,&apos;DataLoggingVariableName&apos;,&apos;ScopeData1&apos;),extmgr.Configuration(&apos;Visuals&apos;,&apos;Time Domain&apos;,true,&apos;SerializedDisplays&apos;,{struct(&apos;MinYLimReal&apos;,&apos;-10&apos;,&apos;MaxYLimReal&apos;,&apos;30&apos;,&apos;YLabelReal&apos;,&apos;&apos;,&apos;MinYLimMag&apos;,&apos;0&apos;,&apos;MaxYLimMag&apos;,&apos;10&apos;,&apos;LegendVisibility&apos;,&apos;On&apos;,&apos;XGrid&apos;,true,&apos;YGrid&apos;,true,&apos;PlotMagPhase&apos;,false,&apos;AxesColor&apos;,[0 0 0],&apos;AxesTickColor&apos;,[0.686274509803922 0.686274509803922 0.686274509803922],&apos;ColorOrder&apos;,[1 1 0.0666666666666667;0.0745098039215686 0.623529411764706 1;1 0.411764705882353 0.16078431372549;0.392156862745098 0.831372549019608 0.0745098039215686;0.717647058823529 0.274509803921569 1;0.0588235294117647 1 1;1 0.0745098039215686 0.650980392156863],&apos;Title&apos;,&apos;%&lt;SignalLabel&gt;&apos;,&apos;LinePropertiesCache&apos;,{{}},&apos;UserDefinedChannelNames&apos;,{{}},&apos;NumLines&apos;,4,&apos;LineNames&apos;,{{&apos;Integrator2&apos;,&apos;Kp &apos;,&apos;Kd &apos;,&apos;Saturation&apos;}},&apos;ShowContent&apos;,true,&apos;Placement&apos;,1)},&apos;ShowTimeAxisLabel&apos;,true,&apos;DisplayPropertyDefaults&apos;,struct(&apos;MinYLimReal&apos;,&apos;-10&apos;,&apos;MaxYLimReal&apos;,&apos;30&apos;,&apos;YLabelReal&apos;,&apos;&apos;,&apos;MinYLimMag&apos;,&apos;0&apos;,&apos;MaxYLimMag&apos;,&apos;10&apos;,&apos;LegendVisibility&apos;,&apos;On&apos;,&apos;XGrid&apos;,true,&apos;YGrid&apos;,true,&apos;PlotMagPhase&apos;,false,&apos;AxesColor&apos;,[0 0 0],&apos;AxesTickColor&apos;,[0.686274509803922 0.686274509803922 0.686274509803922],&apos;ColorOrder&apos;,[0.0745098039215686 0.623529411764706 1;1 0.411764705882353 0.16078431372549;1 1 0.0666666666666667;0.717647058823529 0.274509803921569 1;0.392156862745098 0.831372549019608 0.0745098039215686;0.0588235294117647 1 1;1 0.0745098039215686 0.650980392156863]),&apos;TimeRangeSamples&apos;,&apos;100&apos;,&apos;TimeRangeFrames&apos;,&apos;100&apos;),extmgr.Configuration(&apos;Tools&apos;,&apos;Plot Navigation&apos;,true,&apos;OnceAtStop&apos;,false),extmgr.Configuration(&apos;Tools&apos;,&apos;Measurements&apos;,true,&apos;Version&apos;,&apos;2015b&apos;)),&apos;Version&apos;,&apos;2015b&apos;,&apos;Position&apos;,[158 95 1163 420])</P>
      </Block>
      <Block BlockType="Scope" Name="Scope2" SID="320">
        <P Name="Ports">[1]</P>
        <P Name="Position">[2595, -351, 2620, -319]</P>
        <P Name="ZOrder">125</P>
        <P Name="ScopeSpecificationString">Simulink.scopes.TimeScopeBlockCfg(&apos;CurrentConfiguration&apos;, extmgr.ConfigurationSet(extmgr.Configuration(&apos;Core&apos;,&apos;General UI&apos;,true),extmgr.Configuration(&apos;Core&apos;,&apos;Source UI&apos;,true),extmgr.Configuration(&apos;Sources&apos;,&apos;WiredSimulink&apos;,true,&apos;DataLoggingVariableName&apos;,&apos;ScopeData1&apos;),extmgr.Configuration(&apos;Visuals&apos;,&apos;Time Domain&apos;,true,&apos;SerializedDisplays&apos;,{struct(&apos;MinYLimReal&apos;,&apos;-10&apos;,&apos;MaxYLimReal&apos;,&apos;30&apos;,&apos;YLabelReal&apos;,&apos;&apos;,&apos;MinYLimMag&apos;,&apos;0&apos;,&apos;MaxYLimMag&apos;,&apos;10&apos;,&apos;LegendVisibility&apos;,&apos;On&apos;,&apos;XGrid&apos;,true,&apos;YGrid&apos;,true,&apos;PlotMagPhase&apos;,false,&apos;AxesColor&apos;,[0 0 0],&apos;AxesTickColor&apos;,[0.686274509803922 0.686274509803922 0.686274509803922],&apos;ColorOrder&apos;,[1 1 0.0666666666666667;0.0745098039215686 0.623529411764706 1;1 0.411764705882353 0.16078431372549;0.392156862745098 0.831372549019608 0.0745098039215686;0.717647058823529 0.274509803921569 1;0.0588235294117647 1 1;1 0.0745098039215686 0.650980392156863],&apos;Title&apos;,&apos;%&lt;SignalLabel&gt;&apos;,&apos;LinePropertiesCache&apos;,{{}},&apos;UserDefinedChannelNames&apos;,{{}},&apos;NumLines&apos;,4,&apos;LineNames&apos;,{{&apos;Ki  1&apos;,&apos;Kp 1&apos;,&apos;Kd 1&apos;,&apos;Sum3&apos;}},&apos;ShowContent&apos;,true,&apos;Placement&apos;,1)},&apos;ShowTimeAxisLabel&apos;,true,&apos;DisplayPropertyDefaults&apos;,struct(&apos;MinYLimReal&apos;,&apos;-10&apos;,&apos;MaxYLimReal&apos;,&apos;30&apos;,&apos;YLabelReal&apos;,&apos;&apos;,&apos;MinYLimMag&apos;,&apos;0&apos;,&apos;MaxYLimMag&apos;,&apos;10&apos;,&apos;LegendVisibility&apos;,&apos;On&apos;,&apos;XGrid&apos;,true,&apos;YGrid&apos;,true,&apos;PlotMagPhase&apos;,false,&apos;AxesColor&apos;,[0 0 0],&apos;AxesTickColor&apos;,[0.686274509803922 0.686274509803922 0.686274509803922],&apos;ColorOrder&apos;,[0.0745098039215686 0.623529411764706 1;1 0.411764705882353 0.16078431372549;1 1 0.0666666666666667;0.717647058823529 0.274509803921569 1;0.392156862745098 0.831372549019608 0.0745098039215686;0.0588235294117647 1 1;1 0.0745098039215686 0.650980392156863]),&apos;TimeRangeSamples&apos;,&apos;100&apos;,&apos;TimeRangeFrames&apos;,&apos;100&apos;),extmgr.Configuration(&apos;Tools&apos;,&apos;Plot Navigation&apos;,true,&apos;OnceAtStop&apos;,false),extmgr.Configuration(&apos;Tools&apos;,&apos;Measurements&apos;,true,&apos;Version&apos;,&apos;2015b&apos;)),&apos;Version&apos;,&apos;2015b&apos;,&apos;Position&apos;,[570 302 1163 420])</P>
      </Block>
      <Block BlockType="Scope" Name="Scope3" SID="332">
        <P Name="Ports">[1]</P>
        <P Name="Position">[2595, -41, 2620, -9]</P>
        <P Name="ZOrder">137</P>
        <P Name="ScopeSpecificationString">Simulink.scopes.TimeScopeBlockCfg(&apos;CurrentConfiguration&apos;, extmgr.ConfigurationSet(extmgr.Configuration(&apos;Core&apos;,&apos;General UI&apos;,true),extmgr.Configuration(&apos;Core&apos;,&apos;Source UI&apos;,true),extmgr.Configuration(&apos;Sources&apos;,&apos;WiredSimulink&apos;,true,&apos;DataLoggingVariableName&apos;,&apos;ScopeData2&apos;),extmgr.Configuration(&apos;Visuals&apos;,&apos;Time Domain&apos;,true,&apos;SerializedDisplays&apos;,{struct(&apos;MinYLimReal&apos;,&apos;-10&apos;,&apos;MaxYLimReal&apos;,&apos;30&apos;,&apos;YLabelReal&apos;,&apos;&apos;,&apos;MinYLimMag&apos;,&apos;0&apos;,&apos;MaxYLimMag&apos;,&apos;10&apos;,&apos;LegendVisibility&apos;,&apos;On&apos;,&apos;XGrid&apos;,true,&apos;YGrid&apos;,true,&apos;PlotMagPhase&apos;,false,&apos;AxesColor&apos;,[0 0 0],&apos;AxesTickColor&apos;,[0.686274509803922 0.686274509803922 0.686274509803922],&apos;ColorOrder&apos;,[1 1 0.0666666666666667;0.0745098039215686 0.623529411764706 1;1 0.411764705882353 0.16078431372549;0.392156862745098 0.831372549019608 0.0745098039215686;0.717647058823529 0.274509803921569 1;0.0588235294117647 1 1;1 0.0745098039215686 0.650980392156863],&apos;Title&apos;,&apos;%&lt;SignalLabel&gt;&apos;,&apos;LinePropertiesCache&apos;,{{}},&apos;UserDefinedChannelNames&apos;,{{}},&apos;NumLines&apos;,4,&apos;LineNames&apos;,{{&apos;Constant1&apos;,&apos;Multiport Switch&apos;,&apos;PLANTA/1&apos;,&apos;PLANTA/2&apos;}},&apos;ShowContent&apos;,true,&apos;Placement&apos;,1)},&apos;ShowTimeAxisLabel&apos;,true,&apos;DisplayPropertyDefaults&apos;,struct(&apos;MinYLimReal&apos;,&apos;-10&apos;,&apos;MaxYLimReal&apos;,&apos;30&apos;,&apos;YLabelReal&apos;,&apos;&apos;,&apos;MinYLimMag&apos;,&apos;0&apos;,&apos;MaxYLimMag&apos;,&apos;10&apos;,&apos;LegendVisibility&apos;,&apos;On&apos;,&apos;XGrid&apos;,true,&apos;YGrid&apos;,true,&apos;PlotMagPhase&apos;,false,&apos;AxesColor&apos;,[0 0 0],&apos;AxesTickColor&apos;,[0.686274509803922 0.686274509803922 0.686274509803922],&apos;ColorOrder&apos;,[0.0745098039215686 0.623529411764706 1;1 0.411764705882353 0.16078431372549;1 1 0.0666666666666667;0.717647058823529 0.274509803921569 1;0.392156862745098 0.831372549019608 0.0745098039215686;0.0588235294117647 1 1;1 0.0745098039215686 0.650980392156863]),&apos;TimeRangeSamples&apos;,&apos;100&apos;,&apos;TimeRangeFrames&apos;,&apos;100&apos;),extmgr.Configuration(&apos;Tools&apos;,&apos;Plot Navigation&apos;,true,&apos;OnceAtStop&apos;,false),extmgr.Configuration(&apos;Tools&apos;,&apos;Measurements&apos;,true,&apos;Version&apos;,&apos;2015b&apos;)),&apos;Version&apos;,&apos;2015b&apos;,&apos;Position&apos;,[1 41 1920 964],&apos;VisibleAtModelOpen&apos;,&apos;on&apos;)</P>
      </Block>
      <Block BlockType="Stop" Name="Stop Simulation" SID="232">
        <P Name="Position">[1775, 507, 1810, 543]</P>
        <P Name="ZOrder">65</P>
      </Block>
      <Block BlockType="Stop" Name="Stop Simulation1" SID="234">
        <P Name="Position">[1775, 592, 1810, 628]</P>
        <P Name="ZOrder">67</P>
      </Block>
      <Block BlockType="Sum" Name="Sum" SID="198">
        <P Name="Ports">[3, 1]</P>
        <P Name="Position">[2090, -167, 2105, 47]</P>
        <P Name="ZOrder">44</P>
        <P Name="ShowName">off</P>
        <P Name="Inputs">+++</P>
        <P Name="InputSameDT">off</P>
        <P Name="OutDataTypeStr">Inherit: Inherit via internal rule</P>
        <P Name="SaturateOnIntegerOverflow">off</P>
      </Block>
      <Block BlockType="Sum" Name="Sum1" SID="230">
        <P Name="Ports">[3, 1]</P>
        <P Name="Position">[1955, 313, 1965, 397]</P>
        <P Name="ZOrder">63</P>
        <P Name="ShowName">off</P>
        <P Name="Inputs">-+-</P>
        <P Name="InputSameDT">off</P>
        <P Name="OutDataTypeStr">Inherit: Inherit via internal rule</P>
        <P Name="SaturateOnIntegerOverflow">off</P>
      </Block>
      <Block BlockType="Sum" Name="Sum2" SID="216">
        <P Name="Ports">[2, 1]</P>
        <P Name="Position">[1645, -70, 1665, -50]</P>
        <P Name="ZOrder">50</P>
        <P Name="ShowName">off</P>
        <P Name="IconShape">round</P>
        <P Name="Inputs">|+-</P>
        <P Name="InputSameDT">off</P>
        <P Name="OutDataTypeStr">Inherit: Inherit via internal rule</P>
        <P Name="SaturateOnIntegerOverflow">off</P>
      </Block>
      <Block BlockType="Sum" Name="Sum3" SID="310">
        <P Name="Ports">[3, 1]</P>
        <P Name="Position">[2090, -457, 2105, -243]</P>
        <P Name="ZOrder">111</P>
        <P Name="ShowName">off</P>
        <P Name="Inputs">+++</P>
        <P Name="InputSameDT">off</P>
        <P Name="OutDataTypeStr">Inherit: Inherit via internal rule</P>
        <P Name="SaturateOnIntegerOverflow">off</P>
      </Block>
      <Block BlockType="Sum" Name="Sum4" SID="311">
        <P Name="Ports">[2, 1]</P>
        <P Name="Position">[1645, -360, 1665, -340]</P>
        <P Name="ZOrder">116</P>
        <P Name="ShowName">off</P>
        <P Name="IconShape">round</P>
        <P Name="Inputs">|+-</P>
        <P Name="InputSameDT">off</P>
        <P Name="OutDataTypeStr">Inherit: Inherit via internal rule</P>
        <P Name="SaturateOnIntegerOverflow">off</P>
      </Block>
      <Block BlockType="Sum" Name="Sum5" SID="336">
        <P Name="Ports">[2, 1]</P>
        <P Name="Position">[1850, -140, 1870, -120]</P>
        <P Name="ZOrder">146</P>
        <P Name="ShowName">off</P>
        <P Name="IconShape">round</P>
        <P Name="Inputs">++|</P>
        <P Name="InputSameDT">off</P>
        <P Name="OutDataTypeStr">Inherit: Inherit via internal rule</P>
        <P Name="SaturateOnIntegerOverflow">off</P>
      </Block>
      <Block BlockType="Sum" Name="Sum6" SID="337">
        <P Name="Ports">[2, 1]</P>
        <P Name="Position">[2260, -140, 2280, -120]</P>
        <P Name="ZOrder">152</P>
        <P Name="BlockRotation">270</P>
        <P Name="ShowName">off</P>
        <P Name="IconShape">round</P>
        <P Name="Inputs">-|+</P>
        <P Name="InputSameDT">off</P>
        <P Name="OutDataTypeStr">Inherit: Inherit via internal rule</P>
        <P Name="SaturateOnIntegerOverflow">off</P>
      </Block>
      <Line>
        <P Name="ZOrder">95</P>
        <P Name="Src">195#out:1</P>
        <P Name="Points">[171, 0]</P>
        <Branch>
          <P Name="ZOrder">205</P>
          <P Name="Points">[0, -35]</P>
          <P Name="Dst">259#in:1</P>
        </Branch>
        <Branch>
          <P Name="ZOrder">204</P>
          <P Name="Dst">198#in:2</P>
        </Branch>
      </Line>
      <Line>
        <P Name="ZOrder">98</P>
        <P Name="Src">207#out:1</P>
        <P Name="Dst">205#in:1</P>
      </Line>
      <Line>
        <P Name="ZOrder">99</P>
        <P Name="Src">208#out:1</P>
        <P Name="Dst">206#in:1</P>
      </Line>
      <Line>
        <P Name="ZOrder">104</P>
        <P Name="Src">216#out:1</P>
        <P Name="Points">[2, 0]</P>
        <Branch>
          <P Name="ZOrder">103</P>
          <P Name="Points">[0, 70]</P>
          <P Name="Dst">207#in:1</P>
        </Branch>
        <Branch>
          <P Name="ZOrder">102</P>
          <P Name="Points">[0, -70]</P>
          <P Name="Dst">208#in:1</P>
        </Branch>
        <Branch>
          <P Name="ZOrder">101</P>
          <P Name="Dst">195#in:1</P>
        </Branch>
      </Line>
      <Line>
        <P Name="ZOrder">113</P>
        <P Name="Src">227#out:1</P>
        <P Name="Points">[24, 0; 0, 25]</P>
        <P Name="Dst">222#in:1</P>
      </Line>
      <Line>
        <P Name="ZOrder">109</P>
        <P Name="Src">220#out:1</P>
        <P Name="Points">[23, 0; 0, -25]</P>
        <P Name="Dst">222#in:2</P>
      </Line>
      <Line>
        <P Name="ZOrder">112</P>
        <P Name="Src">226#out:1</P>
        <P Name="Points">[24, 0; 0, 25]</P>
        <P Name="Dst">225#in:1</P>
      </Line>
      <Line>
        <P Name="ZOrder">111</P>
        <P Name="Src">223#out:1</P>
        <P Name="Points">[23, 0; 0, -25]</P>
        <P Name="Dst">225#in:2</P>
      </Line>
      <Line>
        <P Name="ZOrder">115</P>
        <P Name="Src">222#out:1</P>
        <P Name="Points">[74, 0; 0, 45]</P>
        <P Name="Dst">230#in:1</P>
      </Line>
      <Line>
        <P Name="ZOrder">117</P>
        <P Name="Src">225#out:1</P>
        <P Name="Dst">229#in:1</P>
      </Line>
      <Line>
        <P Name="ZOrder">118</P>
        <P Name="Src">229#out:1</P>
        <P Name="Points">[3, 0; 0, -35]</P>
        <P Name="Dst">230#in:3</P>
      </Line>
      <Line>
        <P Name="ZOrder">119</P>
        <P Name="Src">231#out:1</P>
        <P Name="Dst">230#in:2</P>
      </Line>
      <Line>
        <P Name="ZOrder">120</P>
        <P Name="Src">228#out:1</P>
        <P Name="Dst">232#in:1</P>
      </Line>
      <Line>
        <P Name="ZOrder">121</P>
        <P Name="Src">233#out:1</P>
        <P Name="Dst">234#in:1</P>
      </Line>
      <Line>
        <P Name="ZOrder">123</P>
        <P Name="Src">230#out:1</P>
        <P Name="Dst">235#in:1</P>
      </Line>
      <Line>
        <P Name="ZOrder">124</P>
        <P Name="Src">236#out:1</P>
        <P Name="Dst">235#in:2</P>
      </Line>
      <Line>
        <P Name="ZOrder">125</P>
        <P Name="Src">237#out:1</P>
        <P Name="Dst">235#in:3</P>
      </Line>
      <Line>
        <P Name="ZOrder">122</P>
        <P Name="Src">198#out:1</P>
        <P Name="Points">[104, 0]</P>
        <Branch>
          <P Name="ZOrder">452</P>
          <P Name="Points">[0, -70]</P>
          <P Name="Dst">337#in:1</P>
        </Branch>
        <Branch>
          <P Name="ZOrder">316</P>
          <P Name="Points">[0, 50]</P>
          <P Name="Dst">296#in:1</P>
        </Branch>
        <Branch>
          <P Name="ZOrder">315</P>
          <P Name="Dst">184#in:1</P>
        </Branch>
      </Line>
      <Line>
        <P Name="ZOrder">144</P>
        <P Name="Src">235#out:1</P>
        <P Name="Points">[42, 0]</P>
        <Branch>
          <P Name="ZOrder">353</P>
          <P Name="Points">[0, -140]</P>
          <P Name="Dst">322#in:1</P>
        </Branch>
        <Branch>
          <P Name="ZOrder">352</P>
          <P Name="Dst">99#in:1</P>
        </Branch>
      </Line>
      <Line>
        <P Name="ZOrder">151</P>
        <P Name="Src">184#out:1</P>
        <P Name="Points">[30, 0]</P>
        <Branch>
          <P Name="ZOrder">454</P>
          <P Name="Points">[0, -70]</P>
          <P Name="Dst">337#in:2</P>
        </Branch>
        <Branch>
          <P Name="ZOrder">453</P>
          <P Name="Dst">246#in:1</P>
        </Branch>
      </Line>
      <Line>
        <P Name="ZOrder">152</P>
        <P Name="Src">245#out:1</P>
        <P Name="Points">[20, 0; 0, -35]</P>
        <P Name="Dst">235#in:4</P>
      </Line>
      <Line>
        <P Name="ZOrder">201</P>
        <P Name="Src">256#out:1</P>
        <P Name="Dst">257#in:1</P>
      </Line>
      <Line>
        <P Name="ZOrder">207</P>
        <P Name="Src">261#out:1</P>
        <P Name="Points">[33, 0; 0, 35]</P>
        <P Name="Dst">256#in:1</P>
      </Line>
      <Line>
        <P Name="ZOrder">208</P>
        <P Name="Src">263#out:1</P>
        <P Name="Points">[28, 0; 0, 10]</P>
        <P Name="Dst">256#in:2</P>
      </Line>
      <Line>
        <P Name="ZOrder">209</P>
        <P Name="Src">264#out:1</P>
        <P Name="Points">[40, 0; 0, -10]</P>
        <P Name="Dst">256#in:3</P>
      </Line>
      <Line>
        <P Name="ZOrder">210</P>
        <P Name="Src">265#out:1</P>
        <P Name="Points">[44, 0; 0, -35]</P>
        <P Name="Dst">256#in:4</P>
      </Line>
      <Line>
        <P Name="ZOrder">215</P>
        <P Name="Src">205#out:1</P>
        <P Name="Points">[171, 0]</P>
        <Branch>
          <P Name="ZOrder">225</P>
          <P Name="Points">[0, -30]</P>
          <P Name="Dst">260#in:1</P>
        </Branch>
        <Branch>
          <P Name="ZOrder">224</P>
          <P Name="Dst">198#in:3</P>
        </Branch>
      </Line>
      <Line>
        <P Name="ZOrder">299</P>
        <P Name="Src">99#out:2</P>
        <P Name="Dst">293#in:1</P>
      </Line>
      <Line>
        <P Name="ZOrder">305</P>
        <P Name="Src">294#out:1</P>
        <P Name="Dst">233#in:1</P>
      </Line>
      <Line>
        <P Name="ZOrder">306</P>
        <P Name="Src">99#out:1</P>
        <P Name="Dst">292#in:1</P>
      </Line>
      <Line>
        <P Name="ZOrder">307</P>
        <P Name="Src">295#out:1</P>
        <P Name="Points">[17, 0]</P>
        <Branch>
          <P Name="ZOrder">311</P>
          <P Name="Points">[0, -205]</P>
          <P Name="Dst">227#in:1</P>
        </Branch>
        <Branch>
          <P Name="ZOrder">309</P>
          <P Name="Dst">223#in:1</P>
        </Branch>
        <Branch>
          <P Name="ZOrder">308</P>
          <P Name="Points">[0, 75]</P>
          <P Name="Dst">228#in:1</P>
        </Branch>
      </Line>
      <Line>
        <P Name="ZOrder">317</P>
        <P Name="Src">298#out:1</P>
        <P Name="Points">[6, 0]</P>
        <Branch>
          <P Name="ZOrder">320</P>
          <P Name="Points">[0, -45]</P>
          <P Name="Dst">220#in:1</P>
        </Branch>
        <Branch>
          <P Name="ZOrder">319</P>
          <P Name="Points">[0, 30]</P>
          <P Name="Dst">226#in:1</P>
        </Branch>
      </Line>
      <Line>
        <P Name="ZOrder">323</P>
        <P Name="Src">308#out:1</P>
        <P Name="Points">[171, 0]</P>
        <Branch>
          <P Name="ZOrder">322</P>
          <P Name="Points">[0, -35]</P>
          <P Name="Dst">302#in:1</P>
        </Branch>
        <Branch>
          <P Name="ZOrder">321</P>
          <P Name="Dst">310#in:2</P>
        </Branch>
      </Line>
      <Line>
        <P Name="ZOrder">324</P>
        <P Name="Src">299#out:1</P>
        <P Name="Dst">306#in:1</P>
      </Line>
      <Line>
        <P Name="ZOrder">325</P>
        <P Name="Src">305#out:1</P>
        <P Name="Dst">307#in:1</P>
      </Line>
      <Line>
        <P Name="ZOrder">329</P>
        <P Name="Src">311#out:1</P>
        <P Name="Points">[2, 0]</P>
        <Branch>
          <P Name="ZOrder">328</P>
          <P Name="Points">[0, 70]</P>
          <P Name="Dst">299#in:1</P>
        </Branch>
        <Branch>
          <P Name="ZOrder">327</P>
          <P Name="Points">[0, -70]</P>
          <P Name="Dst">305#in:1</P>
        </Branch>
        <Branch>
          <P Name="ZOrder">326</P>
          <P Name="Dst">308#in:1</P>
        </Branch>
      </Line>
      <Line>
        <P Name="ZOrder">337</P>
        <P Name="Src">306#out:1</P>
        <P Name="Points">[171, 0]</P>
        <Branch>
          <P Name="ZOrder">336</P>
          <P Name="Points">[0, -30]</P>
          <P Name="Dst">303#in:1</P>
        </Branch>
        <Branch>
          <P Name="ZOrder">335</P>
          <P Name="Dst">310#in:3</P>
        </Branch>
      </Line>
      <Line>
        <P Name="ZOrder">340</P>
        <P Name="Src">307#out:1</P>
        <P Name="Points">[171, 0]</P>
        <Branch>
          <P Name="ZOrder">339</P>
          <P Name="Points">[0, -30]</P>
          <P Name="Dst">301#in:1</P>
        </Branch>
        <Branch>
          <P Name="ZOrder">338</P>
          <P Name="Dst">310#in:1</P>
        </Branch>
      </Line>
      <Line>
        <P Name="ZOrder">341</P>
        <P Name="Src">215#out:1</P>
        <P Name="Points">[40, 0]</P>
        <Branch>
          <P Name="ZOrder">351</P>
          <P Name="Points">[0, -140]</P>
          <P Name="Dst">321#in:1</P>
        </Branch>
        <Branch>
          <P Name="ZOrder">350</P>
          <P Name="Dst">311#in:1</P>
        </Branch>
      </Line>
      <Line>
        <P Name="ZOrder">342</P>
        <P Name="Src">312#out:1</P>
        <P Name="Dst">216#in:1</P>
      </Line>
      <Line>
        <P Name="ZOrder">343</P>
        <P Name="Src">313#out:1</P>
        <P Name="Points">[55, 0]</P>
        <P Name="Dst">311#in:2</P>
      </Line>
      <Line>
        <P Name="ZOrder">344</P>
        <P Name="Src">314#out:1</P>
        <P Name="Points">[55, 0]</P>
        <P Name="Dst">216#in:2</P>
      </Line>
      <Line>
        <P Name="ZOrder">345</P>
        <P Name="Src">319#out:1</P>
        <P Name="Dst">320#in:1</P>
      </Line>
      <Line>
        <P Name="ZOrder">346</P>
        <P Name="Src">315#out:1</P>
        <P Name="Points">[33, 0; 0, 35]</P>
        <P Name="Dst">319#in:1</P>
      </Line>
      <Line>
        <P Name="ZOrder">347</P>
        <P Name="Src">316#out:1</P>
        <P Name="Points">[28, 0; 0, 10]</P>
        <P Name="Dst">319#in:2</P>
      </Line>
      <Line>
        <P Name="ZOrder">348</P>
        <P Name="Src">317#out:1</P>
        <P Name="Points">[40, 0; 0, -10]</P>
        <P Name="Dst">319#in:3</P>
      </Line>
      <Line>
        <P Name="ZOrder">349</P>
        <P Name="Src">318#out:1</P>
        <P Name="Points">[44, 0; 0, -35]</P>
        <P Name="Dst">319#in:4</P>
      </Line>
      <Line>
        <P Name="ZOrder">361</P>
        <P Name="Src">331#out:1</P>
        <P Name="Dst">332#in:1</P>
      </Line>
      <Line>
        <P Name="ZOrder">362</P>
        <P Name="Src">327#out:1</P>
        <P Name="Points">[33, 0; 0, 35]</P>
        <P Name="Dst">331#in:1</P>
      </Line>
      <Line>
        <P Name="ZOrder">363</P>
        <P Name="Src">328#out:1</P>
        <P Name="Points">[28, 0; 0, 10]</P>
        <P Name="Dst">331#in:2</P>
      </Line>
      <Line>
        <P Name="ZOrder">364</P>
        <P Name="Src">329#out:1</P>
        <P Name="Points">[40, 0; 0, -10]</P>
        <P Name="Dst">331#in:3</P>
      </Line>
      <Line>
        <P Name="ZOrder">365</P>
        <P Name="Src">330#out:1</P>
        <P Name="Points">[44, 0; 0, -35]</P>
        <P Name="Dst">331#in:4</P>
      </Line>
      <Line>
        <P Name="FontName">Helvetica</P>
        <P Name="FontSize">9</P>
        <P Name="FontWeight">normal</P>
        <P Name="FontAngle">normal</P>
        <P Name="ZOrder">449</P>
        <P Name="Src">206#out:1</P>
        <P Name="Dst">336#in:2</P>
      </Line>
      <Line>
        <P Name="FontName">Helvetica</P>
        <P Name="FontSize">9</P>
        <P Name="FontWeight">normal</P>
        <P Name="FontAngle">normal</P>
        <P Name="ZOrder">411</P>
        <P Name="Src">336#out:1</P>
        <P Name="Dst">334#in:1</P>
      </Line>
      <Line>
        <P Name="FontName">Helvetica</P>
        <P Name="FontSize">9</P>
        <P Name="FontWeight">normal</P>
        <P Name="FontAngle">normal</P>
        <P Name="ZOrder">415</P>
        <P Name="Src">335#out:1</P>
        <P Name="Points">[-40, 0]</P>
        <P Name="Dst">336#in:1</P>
      </Line>
      <Line>
        <P Name="ZOrder">333</P>
        <P Name="Src">310#out:1</P>
        <P Name="Dst">304#in:1</P>
      </Line>
      <Line>
        <P Name="ZOrder">445</P>
        <P Name="Src">334#out:1</P>
        <P Name="Points">[56, 0]</P>
        <Branch>
          <P Name="ZOrder">447</P>
          <P Name="Points">[0, -30]</P>
          <P Name="Dst">258#in:1</P>
        </Branch>
        <Branch>
          <P Name="ZOrder">446</P>
          <P Name="Dst">198#in:1</P>
        </Branch>
      </Line>
      <Line>
        <P Name="ZOrder">455</P>
        <P Name="Src">337#out:1</P>
        <P Name="Points">[0, -50]</P>
        <P Name="Dst">335#in:1</P>
      </Line>
      <Annotation SID="91">
        <P Name="Name">Sistema de Tanques Acoplados</P>
        <P Name="Position">[2293, 300, 2473, 317]</P>
        <P Name="InternalMargins">[0, 0, 0, 0]</P>
        <P Name="FixedHeight">off</P>
        <P Name="FixedWidth">off</P>
        <P Name="ZOrder">-6</P>
        <P Name="FontName">Arial</P>
        <P Name="FontSize">12</P>
        <P Name="FontWeight">bold</P>
      </Annotation>
    </System>
  </Model>
</ModelInformation>
